id,name,date,wiki_en
1765189480-9,Wazner,c. 3290 BC,https://en.wikipedia.org/wiki/Wazner
1765189480-18,Ni-Neith,c. 3230 BC,https://en.wikipedia.org/wiki/Ni-Neith
1765189480-19,Hat-Hor,c. 3220 BC,https://en.wikipedia.org/wiki/Hat-Hor
1765189480-20,Double Falcon,c. 3210 BC,https://en.wikipedia.org/wiki/Double_Falcon
1765189480-21,Wash,c. 3150 BC,https://en.wikipedia.org/wiki/Wash_(pharaoh)
1765189480-29,Scorpion I,c. 3300 BC[27],https://en.wikipedia.org/wiki/Scorpion_I
1765189480-31,Crocodile,c. 3170 BC,https://en.wikipedia.org/wiki/Crocodile_(pharaoh)
1765189480-32,Iry-Hor,c. 3170 BC[33],https://en.wikipedia.org/wiki/Iry-Hor
1765189480-33,Ka,c. 3170 BC,https://en.wikipedia.org/wiki/Ka_(pharaoh)
1765189480-34,Scorpion II,c. 3170 BC,https://en.wikipedia.org/wiki/Scorpion_II
1765189480-36,Narmer,c. 3100 BC[42],https://en.wikipedia.org/wiki/Narmer
1765189480-37,Aha,c. 3085 BC[45],https://en.wikipedia.org/wiki/Hor-Aha
1765189480-38,Djer,"41 years, c. 3000 BC[47]",https://en.wikipedia.org/wiki/Djer
1765189480-39,Djet,"10 years, c. 2980 BC[50]",https://en.wikipedia.org/wiki/Djet
1765189480-40,Merneith,c. 2950 BC,https://en.wikipedia.org/wiki/Merneith
1765189480-41,Den,c. 2965–c. 2923 BC[54],https://en.wikipedia.org/wiki/Den_(pharaoh)
1765189480-42,Adjib,"9 years, c. 2930 BC",https://en.wikipedia.org/wiki/Anedjib
1765189480-43,Semerkhet,"8.5 years, c. 2920 BC[50]",https://en.wikipedia.org/wiki/Semerkhet
1765189480-44,Qa'a,"34 years, c. 2916 BC",https://en.wikipedia.org/wiki/Qa%27a
1765189480-45,Sneferka,c. 2900 BC,https://en.wikipedia.org/wiki/Sneferka
1765189480-46,Horus Bird,c. 2900 BC,https://en.wikipedia.org/wiki/Horus_Bird_(pharaoh)
1765189480-48,Hotepsekhemwy,"27 years, c. 2890 BC",https://en.wikipedia.org/wiki/Hotepsekhemwy
1765189480-49,Nebra,"12 years, c. 2850 BC",https://en.wikipedia.org/wiki/Nebra_(pharaoh)
1765189480-50,Nynetjer,c. 2775–c. 2730 BC,https://en.wikipedia.org/wiki/Nynetjer
1765189480-52,Weneg-Nebty,c. 2740 BC,https://en.wikipedia.org/wiki/Weneg_(pharaoh)
1765189480-53,Wadjenes,c. 2740 BC,https://en.wikipedia.org/wiki/Wadjenes
1765189480-55,Senedj,47 years (supposedly),https://en.wikipedia.org/wiki/Senedj
1765189480-56,Seth-Peribsen,c. 2740 BC,https://en.wikipedia.org/wiki/Seth-Peribsen
1765189480-57,Sekhemib-Perenmaat,c. 2720 BC,https://en.wikipedia.org/wiki/Sekhemib-Perenmaat
1765189480-59,Neferkara I,c. 2740 BC,https://en.wikipedia.org/wiki/Neferkara_I
1765189480-60,Neferkasokar,"8 years, c. 2740 BC",https://en.wikipedia.org/wiki/Neferkasokar
1765189480-61,Hudjefa I,11 years (according to the Turin Canon),https://en.wikipedia.org/wiki/Hudjefa_I
1765189480-62,Khasekhemwy,c. 2704–c. 2686 BC,https://en.wikipedia.org/wiki/Khasekhemwy
1765189480-64,Djoser,c. 2670–c. 2650 BC[73],https://en.wikipedia.org/wiki/Djoser
1765189480-65,Sekhemkhet,c. 2650–c. 2643 BC,https://en.wikipedia.org/wiki/Sekhemkhet
1765189480-66,Sanakht,c. 2650 BC,https://en.wikipedia.org/wiki/Sanakht
1765189480-69,Khaba,2643–2637 BC,https://en.wikipedia.org/wiki/Khaba
1765189480-70,Huni,2637–2613 BC,https://en.wikipedia.org/wiki/Huni
1765189480-72,Sneferu,c. 2613–c. 2589 BC[39],https://en.wikipedia.org/wiki/Sneferu
1765189480-73,Khufu,c. 2589–c. 2566 BC,https://en.wikipedia.org/wiki/Khufu
1765189480-74,Djedefre,c. 2566–c. 2558 BC,https://en.wikipedia.org/wiki/Djedefre
1765189480-75,Khafre,c. 2558–c. 2532 BC,https://en.wikipedia.org/wiki/Khafre
1765189480-76,Baka,c. 2570 BC,https://en.wikipedia.org/wiki/Baka_(prince)
1765189480-77,Menkaure,c. 2532–c. 2503 BC,https://en.wikipedia.org/wiki/Menkaure
1765189480-78,Shepseskaf,c. 2503–c. 2498 BC,https://en.wikipedia.org/wiki/Shepseskaf
1765189480-79,Thamphthis,c. 2500 BC,https://en.wikipedia.org/wiki/Thamphthis
1765189480-81,Userkaf,c. 2498–c. 2491 BC,https://en.wikipedia.org/wiki/Userkaf
1765189480-82,Sahure,c. 2491–c. 2477 BC,https://en.wikipedia.org/wiki/Sahure
1765189480-83,Neferirkare,c. 2477–c. 2460 BC,https://en.wikipedia.org/wiki/Neferirkare_Kakai
1765189480-84,Neferefre,c. 2460–c. 2458 BC,https://en.wikipedia.org/wiki/Neferefre
1765189480-85,Shepseskare,"Around a few months, c. 2458 BC",https://en.wikipedia.org/wiki/Shepseskare
1765189480-86,Nyuserre,c. 2458–c. 2422 BC,https://en.wikipedia.org/wiki/Nyuserre_Ini
1765189480-87,Menkauhor,c. 2422–c. 2414 BC,https://en.wikipedia.org/wiki/Menkauhor_Kaiu
1765189480-88,Djedkare,c. 2414–c. 2375 BC,https://en.wikipedia.org/wiki/Djedkare_Isesi
1765189480-89,Unas,c. 2375–c. 2345 BC,https://en.wikipedia.org/wiki/Unas
1765189480-91,Teti,c. 2345–c. 2333 BC,https://en.wikipedia.org/wiki/Teti
1765189480-92,Userkare,c. 2333–c. 2332 BC,https://en.wikipedia.org/wiki/Userkare
1765189480-93,Meryre,c. 2332–c. 2283 BC,https://en.wikipedia.org/wiki/Pepi_I_Meryre
1765189480-94,Nemtyemsaf I,c. 2283–c. 2278 BC,https://en.wikipedia.org/wiki/Merenre_Nemtyemsaf_I
1765189480-95,Neferkare,c. 2278–c. 2214 BC,https://en.wikipedia.org/wiki/Pepi_II_Neferkare
1765189480-96,Merenre,c. 2214–c. 2213 BC,https://en.wikipedia.org/wiki/Merenre_Nemtyemsaf_II
1765189480-97,Neferka,c. 2200 BC,https://en.wikipedia.org/wiki/Neferka
1765189480-98,Netjerkare,c. 2213–c. 2210 BC,https://en.wikipedia.org/wiki/Netjerkare_Siptah
1765189480-100,Khui,"Duration unknown, c. 2150 BC?",https://en.wikipedia.org/wiki/Khui
1765189480-101,Menkare,"Probably short, c. 2181 BC",https://en.wikipedia.org/wiki/Menkare
1765189480-111,Neferkare VI Pepiseneb,Unknown to 2171 BC,https://en.wikipedia.org/wiki/Neferkare_Pepiseneb
1765189480-112,Neferkamin Anu,c. 2170 BC,https://en.wikipedia.org/wiki/Neferkamin_Anu
1765189480-113,Qakare,2175–2171 BC,https://en.wikipedia.org/wiki/Qakare_Ibi
1765189480-114,Neferkaure,2167–2163 BC,https://en.wikipedia.org/wiki/Neferkaure
1765189480-115,Neferkauhor,2163–2161 BC,https://en.wikipedia.org/wiki/Neferkauhor
1765189480-116,Neferirkare II,2161–2160 BC,https://en.wikipedia.org/wiki/Neferirkare
1765189480-118,Meryibre,2160 BC–unknown[39],https://en.wikipedia.org/wiki/Meryibre_Khety
1765189480-133,Meryhathor,2130 BC–unknown,https://en.wikipedia.org/wiki/Meryhathor
1765189480-134,Neferkare VIII,Between 2130 and 2040 BC,https://en.wikipedia.org/wiki/Neferkare_VIII
1765189480-136,Merikare,Unknown–2040 BC,https://en.wikipedia.org/wiki/Merikare
1765189480-140,Mentuhotep I,Unknown–2133 BC,https://en.wikipedia.org/wiki/Mentuhotep_I
1765189480-142,Intef I,2133–2117 BC[39],https://en.wikipedia.org/wiki/Intef_I
1765189480-143,Intef II,2117–2068 BC[39],https://en.wikipedia.org/wiki/Intef_II
1765189480-144,Intef III,2068–2060 BC[39],https://en.wikipedia.org/wiki/Intef_III
1765189480-146,Mentuhotep II,2060–2040 BC[39]\n(King of Upper Egypt only)\n2040–2009 BC[39]\n(King of Upper and Lower Egypt),https://en.wikipedia.org/wiki/Mentuhotep_II
1765189480-147,Mentuhotep III,2009–1997 BC[39],https://en.wikipedia.org/wiki/Mentuhotep_III
1765189480-148,Mentuhotep IV,1997–1991 BC[39],https://en.wikipedia.org/wiki/Mentuhotep_IV
1765189480-150,Segerseni,Early 20th century BC,https://en.wikipedia.org/wiki/Segerseni
1765189480-151,Qakare,Early 20th century BC,https://en.wikipedia.org/wiki/Qakare_Ini
1765189480-152,Iyibkhentre,Early 20th century BC,https://en.wikipedia.org/wiki/Iyibkhentre
1765189480-154,Amenemhat I,1991–1962 BC[39],https://en.wikipedia.org/wiki/Amenemhat_I
1765189480-155,Senusret I,1971–1926 BC,https://en.wikipedia.org/wiki/Senusret_I
1765189480-156,Amenemhat II,1929–1895 BC[39],https://en.wikipedia.org/wiki/Amenemhat_II
1765189480-157,Senusret II,1897–1878 BC[39],https://en.wikipedia.org/wiki/Senusret_II
1765189480-158,Senusret III,1878–1839 BC,https://en.wikipedia.org/wiki/Senusret_III
1765189480-159,Amenemhat III,1860–1814 BC,https://en.wikipedia.org/wiki/Amenemhat_III
1765189480-160,Amenemhat IV,1816–1807 BC,https://en.wikipedia.org/wiki/Amenemhat_IV
1765189480-161,Sobekneferu,1807–1802 BC,https://en.wikipedia.org/wiki/Sobekneferu
1765189480-163,Sekhemre Khutawy,1802–1800 BC[125],https://en.wikipedia.org/wiki/Sekhemre_Khutawy_Sobekhotep
1765189480-164,Sekhemkare,1800–1796 BC[125],https://en.wikipedia.org/wiki/Sekhemkare_Amenemhat_Senebef
1765189480-165,Nerikare,1796 BC,https://en.wikipedia.org/wiki/Nerikare
1765189480-166,Sekhemkare,1796–1793 BC[125],https://en.wikipedia.org/wiki/Sekhemkare
1765189480-167,Ameny Qemau,1795–1792 BC,https://en.wikipedia.org/wiki/Ameny_Qemau
1765189480-168,Hotepibre,1792–1790 BC,https://en.wikipedia.org/wiki/Hotepibre
1765189480-169,Iufni,"Very short reign, possibly c. 1790–1788 BC[125]",https://en.wikipedia.org/wiki/Iufni
1765189480-170,Amenemhat VI,1788–1785 BC,https://en.wikipedia.org/wiki/Amenemhat_VI
1765189480-171,Semenkare,1785–1783 BC[125] or 1739 BC[126],https://en.wikipedia.org/wiki/Semenkare_Nebnuni
1765189480-172,Sehetepibre,1783–1781 BC[125],https://en.wikipedia.org/wiki/Sehetepibre
1765189480-173,Sewadjkare I,1781 BC,https://en.wikipedia.org/wiki/Sewadjkare
1765189480-174,Nedjemibre,"7 months, 1780 BC[125] or 1736 BC[126]",https://en.wikipedia.org/wiki/Nedjemibre
1765189480-175,Khaankhre,"Reigned c. 3 years, 1780–1777 BC[125]",https://en.wikipedia.org/wiki/Khaankhre_Sobekhotep
1765189480-176,Renseneb,1777 BC[125],https://en.wikipedia.org/wiki/Renseneb
1765189480-177,Hor,"Reigned 1 year and 6 months, 1777–1775 BC[125]",https://en.wikipedia.org/wiki/Hor
1765189480-178,Sekhemrekhutawy,"Estimated reign 3 years, 1775–1772 BC[125]",https://en.wikipedia.org/wiki/Sekhemrekhutawy_Khabaw
1765189480-179,Djedkheperew,"Estimated reign 2 years, 1772–1770 BC[125]",https://en.wikipedia.org/wiki/Djedkheperew
1765189480-180,Sebkay,—,https://en.wikipedia.org/wiki/Sebkay
1765189480-181,Sedjefakare,"5 to 7 years or 3 years, 1769–1766 BC[125]",https://en.wikipedia.org/wiki/Sedjefakare_Kay_Amenemhat_VII
1765189480-182,Wegaf,c. 1767 BC,https://en.wikipedia.org/wiki/Wegaf
1765189480-183,Khendjer,Minimum 4 years and 3 months c. 1765 BC,https://en.wikipedia.org/wiki/Khendjer
1765189480-184,Imyremeshaw,"Reigned less than 10 years, starting 1759 BC[125] or 1711 BC.[127]",https://en.wikipedia.org/wiki/Imyremeshaw
1765189480-185,Sehetepkare,Less than 10 years,https://en.wikipedia.org/wiki/Sehetepkare_Intef
1765189480-186,Seth Meribre,Reign ended 1749 BC,https://en.wikipedia.org/wiki/Seth_Meribre
1765189480-187,Sobekhotep III,1755–1751 BC,https://en.wikipedia.org/wiki/Sobekhotep_III
1765189480-188,Neferhotep I,1751–1740 BC,https://en.wikipedia.org/wiki/Neferhotep_I
1765189480-189,Ra Sihathor,1739 BC[125],https://en.wikipedia.org/wiki/Sihathor
1765189480-190,Sobekhotep IV,1740–1730 BC,https://en.wikipedia.org/wiki/Sobekhotep_IV
1765189480-191,Merhotepre,1730 BC,https://en.wikipedia.org/wiki/Merhotepre_Sobekhotep
1765189480-192,Khahotepre,c. 1725 BC,https://en.wikipedia.org/wiki/Khahotepre_Sobekhotep_VI
1765189480-193,Wahibre,1725–1714 BC or 1712–1701 BC[125],https://en.wikipedia.org/wiki/Wahibre_Ibiau
1765189480-194,Merneferre,"23 years, 8 months and 18 days, 1701–1677 BC[125] or 1714–1691 BC",https://en.wikipedia.org/wiki/Merneferre_Ay
1765189480-195,Merhotepre,"2 years, 3 or 4 months and 9 days, 1677–1675 BC[125] or 1691–1689 BC",https://en.wikipedia.org/wiki/Merhotepre_Ini
1765189480-196,Sankhenre Sewadjtu,"3 years and 2–4 months, 1675–1672 BC[125]",https://en.wikipedia.org/wiki/Sankhenre_Sewadjtu
1765189480-197,Mersekhemre Ined,"3 years, 1672–1669 BC[125]",https://en.wikipedia.org/wiki/Mersekhemre_Ined
1765189480-198,Sewadjkare II,5 years,https://en.wikipedia.org/wiki/Sewadjkare_Hori
1765189480-199,Merkawre,1664–1663 BC[125],https://en.wikipedia.org/wiki/Merkawre_Sobekhotep
1765189480-200,Turin canon,1663 BC –?[125],https://en.wikipedia.org/wiki/Turin_King_List
1765189480-208,Merkheperre,Some time between 1663 BC and 1649 BC[125],https://en.wikipedia.org/wiki/Merkheperre
1765189480-209,Merkare,Some time between 1663 BC and 1649 BC[125],https://en.wikipedia.org/wiki/Merkare
1765189480-211,Sewadjare,c. 1655 BC[125],https://en.wikipedia.org/wiki/Sewadjare_Mentuhotep
1765189480-216,Seheqenre,Between 1663 and 1649 BC,https://en.wikipedia.org/wiki/Seheqenre_Sankhptahi
1765189480-220,Dedumose I,c. 1654 BC,https://en.wikipedia.org/wiki/Dedumose_I
1765189480-223,Sewahenre,After 1660 BC.[125],https://en.wikipedia.org/wiki/Sewahenre_Senebmiu
1765189480-227,Sekhaenre,1805–1780 BC,https://en.wikipedia.org/wiki/Yakbim_Sekhaenre
1765189480-228,Nubwoserre,1780–1770 BC,https://en.wikipedia.org/wiki/Ya%27ammu_Nubwoserre
1765189480-229,Khawoserre,1770–1760 BC,https://en.wikipedia.org/wiki/Qareh_Khawoserre
1765189480-230,Aahotepre,1760–1745 BC,https://en.wikipedia.org/wiki/Ammu_Aahotepre
1765189480-231,Sheshi,1745–1705 BC,https://en.wikipedia.org/wiki/Sheshi
1765189480-232,Nehesy,c. 1705 BC,https://en.wikipedia.org/wiki/Nehesy
1765189480-234,Nebefawre,c. 1704 BC,https://en.wikipedia.org/wiki/Nebefawre
1765189480-235,Sehebre,c. 1704 to 1699 BC,https://en.wikipedia.org/wiki/Sehebre
1765189480-236,Merdjefare,c. 1699 BC,https://en.wikipedia.org/wiki/Merdjefare
1765189480-238,Nebdjefare,1694 BC,https://en.wikipedia.org/wiki/Nebdjefare
1765189480-245,Nebsenre,"At least 5 months of reign, some time between 1690 BC and 1649 BC",https://en.wikipedia.org/wiki/Nebsenre
1765189480-248,Sekheperenre,"2 months, some time between 1690 BC and 1649 BC",https://en.wikipedia.org/wiki/Sekheperenre
1765189480-260,Bebnum,Some time between 1690 BC and 1649 BC,https://en.wikipedia.org/wiki/Bebnum
1765189480-277,'Apepi,c. 1650 BC,https://en.wikipedia.org/wiki/%27Apepi
1765189480-288,Wazad,c. 1700 BC ?,https://en.wikipedia.org/wiki/Wazad
1765189480-290,Yaqub-Har,17th–16th centuries BC,https://en.wikipedia.org/wiki/Yaqub-Har
1765189480-292,Salitis,c. 1650 BC,https://en.wikipedia.org/wiki/Salitis
1765189480-293,Semqen,1649 BC–Unknown,https://en.wikipedia.org/wiki/Semqen
1765189480-296,Yaqub-Har,either 8 or 18 years,https://en.wikipedia.org/wiki/Yaqub-Har
1765189480-297,Khyan,likely 30–35 years,https://en.wikipedia.org/wiki/Khyan
1765189480-298,Apepi,1590 BC?,https://en.wikipedia.org/wiki/Apepi
1765189480-299,Khamudi,1555–1544 BC,https://en.wikipedia.org/wiki/Khamudi
1765189480-301,Senebkay,c. 1650 BC,https://en.wikipedia.org/wiki/Senebkay
1765189480-302,Snaaib,unknown,https://en.wikipedia.org/wiki/Snaaib
1765189480-303,Pantjeny,unknown,https://en.wikipedia.org/wiki/Pantjeny
1765189480-304,Wepwawetemsaf,unknown,https://en.wikipedia.org/wiki/Wepwawetemsaf
1765189480-305,Turin Canon,unknown,https://en.wikipedia.org/wiki/Turin_King_List
1765189480-308,Sekhemre Sementawy,3 years,https://en.wikipedia.org/wiki/Sekhemre_Sementawy_Djehuty
1765189480-309,Sobekhotep VIII,16 years,https://en.wikipedia.org/wiki/Sobekhotep_VIII
1765189480-310,Neferhotep III,1 year,https://en.wikipedia.org/wiki/Neferhotep_III
1765189480-311,Seankhenre,< 1 year,https://en.wikipedia.org/wiki/Seankhenre_Mentuhotepi
1765189480-312,Nebiryraw I,26 years,https://en.wikipedia.org/wiki/Nebiryraw_I
1765189480-313,Nebiriau II,c. 1600 BC,https://en.wikipedia.org/wiki/Nebiriau_II
1765189480-314,Semenre,c. 1600 BC,https://en.wikipedia.org/wiki/Semenre
1765189480-315,Bebiankh,12 years,https://en.wikipedia.org/wiki/Bebiankh
1765189480-316,Dedumose I,c. 1588–1582 BC,https://en.wikipedia.org/wiki/Dedumose_I
1765189480-317,Dedumose II,c. 1588–1582 BC,https://en.wikipedia.org/wiki/Dedumose_II
1765189480-318,Djedankhre,c. 1590 BC,https://en.wikipedia.org/wiki/Djedankhre_Montemsaf
1765189480-319,Merankhre,"Short reign, c. 1585 BC",https://en.wikipedia.org/wiki/Merankhre_Mentuhotep
1765189480-323,Sekhemre Wahkhaw,c. 1580,https://en.wikipedia.org/wiki/Sekhemre_Wahkhau_Rahotep
1765189480-324,Sobekemsaf I,At least 7 years,https://en.wikipedia.org/wiki/Sobekemsaf_I
1765189480-325,Sobekemsaf II,Unknown to c. 1573 BC,https://en.wikipedia.org/wiki/Sobekemsaf_II
1765189480-326,Sekhemre-Wepmaat,c. 1573–1571 BC,https://en.wikipedia.org/wiki/Sekhemre-Wepmaat_Intef
1765189480-327,Nubkheperre,c. 1571 to the mid–1560s BC,https://en.wikipedia.org/wiki/Nubkheperre_Intef
1765189480-328,Sekhemre-Heruhirmaat,Late 1560s BC,https://en.wikipedia.org/wiki/Sekhemre-Heruhirmaat_Intef
1765189480-329,Senakhtenre,c. 1558 BC,https://en.wikipedia.org/wiki/Senakhtenre_Ahmose
1765189480-330,Seqenenre,1558–1554 BC,https://en.wikipedia.org/wiki/Seqenenre_Tao
1765189480-331,Kamose,1554–1549 BC,https://en.wikipedia.org/wiki/Kamose
1765189480-333,Ahmose I,1551–1515 BC[142]\nor 1539-1515 BC[143],https://en.wikipedia.org/wiki/Ahmose_I
1765189480-334,Amenhotep I,1515–1494 BC[147]\nor 1514–1494 BC[143],https://en.wikipedia.org/wiki/Amenhotep_I
1765189480-335,Thutmose I Khamyre,1494–1482 BC[149]\nor 1493–1483 BC[143],https://en.wikipedia.org/wiki/Thutmose_I
1765189480-336,Thutmose II Nedjtyre,1482–1480/1479 BC[151][152],https://en.wikipedia.org/wiki/Thutmose_II
1765189480-337,Hatshepsut Khenemetimun,1479–1458 BC,https://en.wikipedia.org/wiki/Hatshepsut
1765189480-338,Thutmose III Neferkheperu,1479–1425 BC,https://en.wikipedia.org/wiki/Thutmose_III
1765189480-339,Amenhotep II Heqaiunu,1425–1400 BC,https://en.wikipedia.org/wiki/Amenhotep_II
1765189480-340,Thutmose IV,1400–1390 BC,https://en.wikipedia.org/wiki/Thutmose_IV
1765189480-341,Amenhotep III Hekawaset,1390–1352 BC,https://en.wikipedia.org/wiki/Amenhotep_III
1765189480-342,Akhenaten,1352–1336 BC,https://en.wikipedia.org/wiki/Akhenaten
1765189480-343,Smenkhkare Djeserkheperu,1340–1337 BC[156] or 1336–1334[157],https://en.wikipedia.org/wiki/Smenkhkare
1765189480-344,Nefernefruaten Akhetenhyes,1336–1332 BC[158],https://en.wikipedia.org/wiki/Neferneferuaten
1765189480-345,Tutankhamun Heqaiunushemau,1332–1323 BC[156],https://en.wikipedia.org/wiki/Tutankhamun
1765189480-346,Itnetjer Ay II,1323–1320 BC[156],https://en.wikipedia.org/wiki/Ay_(pharaoh)
1765189480-347,Horemheb Meryamun,1320–1292 BC,https://en.wikipedia.org/wiki/Horemheb
1765189480-349,Ramesses I,1292–1290 BC,https://en.wikipedia.org/wiki/Ramesses_I
1765189480-350,Seti I Merneptah,1290–1279 BC,https://en.wikipedia.org/wiki/Seti_I
1765189480-351,Ramesses II Meriamun,1279–1213 BC,https://en.wikipedia.org/wiki/Ramesses_II
1765189480-352,Merneptah Hetephirmaat,1213–1203 BC,https://en.wikipedia.org/wiki/Merneptah
1765189480-353,Seti II Merneptah,1204–1198 BC,https://en.wikipedia.org/wiki/Seti_II
1765189480-354,Amenmesse Heqawast,1203–1200 BC,https://en.wikipedia.org/wiki/Amenmesse
1765189480-355,Merneptah Siptah,1198–1192 BC,https://en.wikipedia.org/wiki/Siptah
1765189480-356,Tausret Setepetenmut,1192–1190 BC,https://en.wikipedia.org/wiki/Tausret
1765189480-358,Setnakhte Mereramun,1190–1186 BC,https://en.wikipedia.org/wiki/Setnakhte
1765189480-359,Ramesses III Heqaiunu,1186–1155 BC,https://en.wikipedia.org/wiki/Ramesses_III
1765189480-360,Ramesses IV Heqamaat Meriamun,1155–1149 BC,https://en.wikipedia.org/wiki/Ramesses_IV
1765189480-361,Ramesses V Amenhirkhepshef,1149–1145 BC,https://en.wikipedia.org/wiki/Ramesses_V
1765189480-362,Ramesses VI Amenhirkhepshef Netjerheqaiunu,1145–1137 BC,https://en.wikipedia.org/wiki/Ramesses_VI
1765189480-363,Ramesses VII Itamun Netjerheqaiunu,1137–1130 BC,https://en.wikipedia.org/wiki/Ramesses_VII
1765189480-364,Ramesses VIII Sethirkhepshef Meriamun,1130–1129 BC,https://en.wikipedia.org/wiki/Ramesses_VIII
1765189480-365,Ramesses IX Khaemwast Mereramun,1129–1111 BC,https://en.wikipedia.org/wiki/Ramesses_IX
1765189480-366,Ramesses X Amenhirkhepshef Meriamun,1111–1107 BC,https://en.wikipedia.org/wiki/Ramesses_X
1765189480-367,Ramesses XI Khaemwast Mereramun Netjerheqaiunu,1107–1075 BC,https://en.wikipedia.org/wiki/Ramesses_XI
1765189480-368,Ramesses XII Mereramun,1075–1069 BC,https://en.wikipedia.org/wiki/Ramesses_XII
1765189480-370,Smendes I,1069–1043 BC,https://en.wikipedia.org/wiki/Smendes_I
1765189480-371,Amenemnisu Meriamun,1043–1039 BC,https://en.wikipedia.org/wiki/Amenemnisu
1765189480-372,Psusennes I,1039–991 BC,https://en.wikipedia.org/wiki/Psusennes_I
1765189480-373,Amenemope,991–981 BC,https://en.wikipedia.org/wiki/Amenemope_(pharaoh)
1765189480-374,Osorkon Meriamun,981–975 BC,https://en.wikipedia.org/wiki/Osorkon_the_Elder
1765189480-375,Siamun,975–957 BC,https://en.wikipedia.org/wiki/Siamun
1765189480-376,Hor Pasebakhenniut II Meriamun,957–943 BC,https://en.wikipedia.org/wiki/Psusennes_II
1765189480-378,Piankh,1085–1079 BC,https://en.wikipedia.org/wiki/Piankh
1765189480-379,Herihor Siamun,1079–1068 BC,https://en.wikipedia.org/wiki/Herihor
1765189480-380,Pinedjem I Meriamun,1063–1054 BC (High Priest)\n1054–1031 BC\n(Pharaoh)[173],https://en.wikipedia.org/wiki/Pinedjem_I
1765189480-381,Masaharta,1054–1046 BC,https://en.wikipedia.org/wiki/Masaharta
1765189480-382,Djedkhonsuefankh,1046–1045 BC,https://en.wikipedia.org/wiki/Djedkhonsuefankh
1765189480-383,Menkheperre,1045–990 BC,https://en.wikipedia.org/wiki/Menkheperre
1765189480-384,Smendes II,990–988 BC,https://en.wikipedia.org/wiki/Smendes_II
1765189480-385,Pinedjem II,988–967 BC,https://en.wikipedia.org/wiki/Pinedjem_II
1765189480-386,Psusennes III,967–post 957 BC,https://en.wikipedia.org/wiki/Psusennes_III
1765189480-388,Shoshenq I Meriamun,943–922 BC,https://en.wikipedia.org/wiki/Shoshenq_I
1765189480-389,Osorkon I Meriamun,922–887 BC,https://en.wikipedia.org/wiki/Osorkon_I
1765189480-390,Takelot I Meriamun,887–874 BC,https://en.wikipedia.org/wiki/Takelot_I
1765189480-391,Shoshenq IIa Meriamun,880s BC?,https://en.wikipedia.org/wiki/Shoshenq_II
1765189480-392,Shoshenq IIb Meriamun,880s BC?,https://en.wikipedia.org/wiki/Tutkheperre_Shoshenq
1765189480-393,Shoshenq IIc Meriamun,880s BC?,https://en.wikipedia.org/wiki/Maatkheperre_Shoshenq
1765189480-394,Harsiese Meriamun,880–860 BC?,https://en.wikipedia.org/wiki/Harsiese_A
1765189480-395,Osorkon II Meriamun,873–830 BC,https://en.wikipedia.org/wiki/Osorkon_II
1765189480-396,Shoshenq III Sibaste Meriamun Netjerheqaon,830–post 791 BC,https://en.wikipedia.org/wiki/Shoshenq_III
1765189480-397,Shoshenq IV Sibaste Meriamun Netjerheqaiunu,788–778 BC,https://en.wikipedia.org/wiki/Shoshenq_IV
1765189480-398,Pami I Meriamun,778–769 BC,https://en.wikipedia.org/wiki/Pami
1765189480-399,Shoshenq V,769–731 BC,https://en.wikipedia.org/wiki/Shoshenq_V
1765189480-401,Takelot II Siese Meriamun,834–809 BC,https://en.wikipedia.org/wiki/Takelot_II
1765189480-402,Meriamun Pedubast I,822–799 BC,https://en.wikipedia.org/wiki/Pedubast_I
1765189480-403,Iuput I Meriamun,809–798 BC,https://en.wikipedia.org/wiki/Iuput_I
1765189480-404,Shoshenq VI Meriamun,799–793 BC,https://en.wikipedia.org/wiki/Shoshenq_VI
1765189480-405,Osorkon III Siese Meriamun,791–764 BC,https://en.wikipedia.org/wiki/Osorkon_III
1765189480-406,Takelot III Siese Meriamun,768–756 BC,https://en.wikipedia.org/wiki/Takelot_III
1765189480-407,Rudamun Meriamun,756–750 BC,https://en.wikipedia.org/wiki/Rudamun
1765189480-408,Shoshenq VII Saisetmeriamun,—,https://en.wikipedia.org/wiki/Shoshenq_VII
1765189480-409,Ini,750–745 BC,https://en.wikipedia.org/wiki/Ini_(pharaoh)
1765189480-411,Djehutyemhat,745–735 BC?,https://en.wikipedia.org/wiki/Djehutyemhat
1765189480-412,Nimlot I,745–735 BC?,https://en.wikipedia.org/wiki/Nimlot_of_Hermopolis
1765189480-414,Peftjauawybast,750–720 BC?,https://en.wikipedia.org/wiki/Peftjauawybast
1765189480-416,Iuput II Sibaste Meriamun,730–710 BC?,https://en.wikipedia.org/wiki/Iuput_II
1765189480-418,Pedubast II,731–725 BC?,https://en.wikipedia.org/wiki/Pedubast_II
1765189480-419,Osorkon IV,725–716 BC?,https://en.wikipedia.org/wiki/Osorkon_IV
1765189480-420,Pami II,712–702 BC?,https://en.wikipedia.org/wiki/Pami_II
1765189480-421,Gemenefkhonsbak,unknown,https://en.wikipedia.org/wiki/Gemenefkhonsbak
1765189480-425,Tefnakht,731–717 BC,https://en.wikipedia.org/wiki/Tefnakht
1765189480-426,Bakenranef,717–712 BC,https://en.wikipedia.org/wiki/Bakenranef
1765189480-428,Kashta,c.760–743 BC,https://en.wikipedia.org/wiki/Kashta
1765189480-429,Piye,"743–713 BC, according to Frédéric Payraudeau[178]",https://en.wikipedia.org/wiki/Piye
1765189480-430,Shebitku,"713–705 BC, according to Frédéric Payraudeau[178]",https://en.wikipedia.org/wiki/Shebitku
1765189480-431,Shabaka,"705–690 BC, according to Frédéric Payraudeau[178]",https://en.wikipedia.org/wiki/Shabaka
1765189480-432,Taharqa,690–664 BC[179],https://en.wikipedia.org/wiki/Taharqa
1765189480-433,Tantamani,664–653 BC,https://en.wikipedia.org/wiki/Tantamani
1765189480-435,Tefnakht II,685–678 BC,https://en.wikipedia.org/wiki/Tefnakht_II
1765189480-436,Nekauba,678–672 BC,https://en.wikipedia.org/wiki/Nekauba
1765189480-437,Menkheperre,672–664 BC,https://en.wikipedia.org/wiki/Necho_I
1765189480-439,Psamtik I,664–610 BC[181],https://en.wikipedia.org/wiki/Psamtik_I
1765189480-440,Necho II,610–595 BC[181],https://en.wikipedia.org/wiki/Necho_II
1765189480-441,Psamtik II,595–589 BC[181],https://en.wikipedia.org/wiki/Psamtik_II
1765189480-442,Apries,589–570 BC[181],https://en.wikipedia.org/wiki/Apries
1765189480-443,Amasis II,570–526 BC[181],https://en.wikipedia.org/wiki/Amasis_II
1765189480-444,Psamtik III,526–525 BC[181],https://en.wikipedia.org/wiki/Psamtik_III
1765189480-446,Cambyses II,525–1 July 522 BC[181],https://en.wikipedia.org/wiki/Cambyses_II
1765189480-447,Bardiya,522 BC[181],https://en.wikipedia.org/wiki/Bardiya
1765189480-448,Darius I,522–November 486 BC[181],https://en.wikipedia.org/wiki/Darius_I
1765189480-449,Xerxes I,November 486–December 465 BC[181],https://en.wikipedia.org/wiki/Xerxes_I
1765189480-450,Artaxerxes I,464–424 BC,https://en.wikipedia.org/wiki/Artaxerxes_I
1765189480-451,Xerxes II,424–423 BC[181],https://en.wikipedia.org/wiki/Xerxes_II
1765189480-452,Sogdianus,423–July 423 BC[181],https://en.wikipedia.org/wiki/Sogdianus
1765189480-453,Darius II,July 423–March 404 BC[181],https://en.wikipedia.org/wiki/Darius_II
1765189480-455,Petubastis III,522/21–520 BC,https://en.wikipedia.org/wiki/Petubastis_III
1765189480-456,Psammetichus IV,Possibly in the 480s BC,https://en.wikipedia.org/wiki/Psammetichus_IV
1765189480-458,Amyrtaeus,404–398 BC,https://en.wikipedia.org/wiki/Amyrtaeus
1765189480-460,Nepherites I,398–393 BC,https://en.wikipedia.org/wiki/Nepherites_I
1765189480-461,Hakor,c. 392–c. 391 BC,https://en.wikipedia.org/wiki/Hakor
1765189480-462,Psammuthes,c. 391 BC,https://en.wikipedia.org/wiki/Psammuthes
1765189480-463,Hakor,c. 390–c. 379 BC,https://en.wikipedia.org/wiki/Hakor
1765189480-464,Nepherites II,c. 379 BC,https://en.wikipedia.org/wiki/Nepherites_II
1765189480-465,Muthis,Possibly between 393 and 380 BC,https://en.wikipedia.org/wiki/Muthis
1765189480-467,Nectanebo I,379/8–361/0 BC,https://en.wikipedia.org/wiki/Nectanebo_I
1765189480-468,Teos,361/0–359/8 BC,https://en.wikipedia.org/wiki/Teos_of_Egypt
1765189480-469,Nectanebo II,359/8–341/0 BC,https://en.wikipedia.org/wiki/Nectanebo_II
1765189480-471,Artaxerxes III,c. 341/339–338 BC[186],https://en.wikipedia.org/wiki/Artaxerxes_III
1765189480-472,Artaxerxes IV Arses,338–336 BC,https://en.wikipedia.org/wiki/Artaxerxes_IV_Arses
1765189480-473,Darius III,336–332 BC,https://en.wikipedia.org/wiki/Darius_III
1765189480-475,Khabash,338–335 BC[181],https://en.wikipedia.org/wiki/Khabash
1765189480-477,Alexander the Great,332–13 June 323 BC[181],https://en.wikipedia.org/wiki/Alexander_the_Great
1765189480-478,Philip Arrhidaeus,323–317 BC,https://en.wikipedia.org/wiki/Philip_III_of_Macedon
1765189480-479,Alexander IV,317–309 BC,https://en.wikipedia.org/wiki/Alexander_IV_of_Macedon
1765189480-481,Ptolemy I Soter,7 November 305–January 282 BC[181],https://en.wikipedia.org/wiki/Ptolemy_I_Soter
1765189480-482,Ptolemy II Philadelphus,28 March 284–28 January 246 BC,https://en.wikipedia.org/wiki/Ptolemy_II_Philadelphus
1765189480-483,Ptolemy Epigonos,c. 267–c. 259/258 BC,https://en.wikipedia.org/wiki/Ptolemy_Epigonos
1765189480-484,Ptolemy III Euergetes,28 January 246–November/December 222 BC,https://en.wikipedia.org/wiki/Ptolemy_III_Euergetes
1765189480-485,Ptolemy IV Philopator,November/December 222–July/August 204 BC,https://en.wikipedia.org/wiki/Ptolemy_IV_Philopator
1765189480-486,Ptolemy V Epiphanes Eucharistus,July/August 204–September 180 BC,https://en.wikipedia.org/wiki/Ptolemy_V_Epiphanes
1765189480-487,Ptolemy VI Philometor,c. May 180–October 164 BC[181]and\n163–c. July 145 BC[181],https://en.wikipedia.org/wiki/Ptolemy_VI_Philometor
1765189480-488,Cleopatra II Philometor Soteira,170–October 164 BC\nand\n163–127 BC\nand\n124–116 BC,https://en.wikipedia.org/wiki/Cleopatra_II
1765189480-489,Ptolemy VIII Euergetes II Tryphon,171–163 BC\nand\n145–131 BC\nand\n127–116 BC,https://en.wikipedia.org/wiki/Ptolemy_VIII_Physcon
1765189480-490,Ptolemy VII Neos Philopator,145 BC (supposedly),https://en.wikipedia.org/wiki/Ptolemy_VII_Neos_Philopator
1765189480-491,Cleopatra III,142–131 BC\nand\n127–107 BC,https://en.wikipedia.org/wiki/Cleopatra_III
1765189480-492,Ptolemy IX Soter,28 June 116–October 110 BC\nand\n88-81 BC[181],https://en.wikipedia.org/wiki/Ptolemy_IX_Soter
1765189480-493,Ptolemy X Alexander I,October 110–February 109 BC\n‘’and’’\n107-88 BC[181],https://en.wikipedia.org/wiki/Ptolemy_X_Alexander_I
1765189480-494,Berenice III,81–80 BC,https://en.wikipedia.org/wiki/Berenice_III
1765189480-495,Ptolemy XI Alexander II,80 BC[181],https://en.wikipedia.org/wiki/Ptolemy_XI_Alexander_II
1765189480-496,Ptolemy XII Neos Dionysus,80–58 BC[181]\nand\n55–51 BC[181],https://en.wikipedia.org/wiki/Ptolemy_XII_Auletes
1765189480-497,Cleopatra V Tryphaena,79–68 BC,https://en.wikipedia.org/wiki/Cleopatra_V
1765189480-498,Cleopatra VI Tryphaena,58–57 BC,https://en.wikipedia.org/wiki/Cleopatra_VI
1765189480-499,Berenice IV Epiphaneia,58–55 BC[181],https://en.wikipedia.org/wiki/Berenice_IV
1765189480-500,Ptolemy XIII Theos Philopator,51–47 BC,https://en.wikipedia.org/wiki/Ptolemy_XIII_Theos_Philopator
1765189480-501,Ptolemy XIV Philopator,47–44 BC,https://en.wikipedia.org/wiki/Ptolemy_XIV_Philopator
1765189480-502,Cleopatra VII Thea Philopator,51[192] – 12 August 30 BC[181],https://en.wikipedia.org/wiki/Cleopatra
1765189480-503,Arsinoe IV,December 48–January 47 BC,https://en.wikipedia.org/wiki/Arsinoe_IV
1765189480-504,Ptolemy XV Caesar Theos Philopator Philometor,2 September 44–late August 30 BC,https://en.wikipedia.org/wiki/Caesarion
1765189480-506,Horwennefer,205–199 BC,https://en.wikipedia.org/wiki/Horwennefer
1765189480-507,Ankhwennefer,199–185 BC,https://en.wikipedia.org/wiki/Ankhwennefer_(pharaoh)
1765189480-508,Harsiesi Sausir,131–130 BC,https://en.wikipedia.org/wiki/Harsiesi
1765189480-510,Arsinoe II Philadelphos,c. 277–July 270 BC[181],https://en.wikipedia.org/wiki/Arsinoe_II
1765189480-511,Berenice II Euergetis,244/243–222 BC,https://en.wikipedia.org/wiki/Berenice_II
1765189480-512,Arsinoe III Thea Philopator,220–204 BC,https://en.wikipedia.org/wiki/Arsinoe_III
1765189480-513,Cleopatra I Thea Epiphanes Syra,"c. February 193–176 BC[181]
",https://en.wikipedia.org/wiki/Cleopatra_I_Syra