id,group,type,name_fr,name_en,start,end,circa,wiki_fr,wiki_en,credits_url,credits_attribution,cover,background,foreground,border
1765209128-1,pterosaurs,range,Aerodactylus,Aerodactylus,-161500000,-143100000,true,https://fr.wikipedia.org/wiki/Aerodactylus,https://en.wikipedia.org/wiki/Aerodactylus,https://www.pteros.com/pterosaurs/aerodactylus.html,Pteros,https://pteros-img.imgix.net/aerodactylus_franz-anthony.png?w=300&fm=jpg&auto=compress,oklch(60.6% 0.25 292.717),,
1765209128-2,pterosaurs,range,Aerodraco,Aerodraco,-100500000,-66000000,true,https://fr.wikipedia.org/wiki/Aerodraco,https://en.wikipedia.org/wiki/Aerodraco,https://www.pteros.com/pterosaurs/aerodraco.html,Pteros,https://pteros.s3.us-west-1.amazonaws.com/aeorodraco_joshua-tedder.png?w=300&fm=jpg&auto=compress,oklch(60.6% 0.25 292.717),,
1765209128-3,pterosaurs,range,Aerotitan,Aerotitan,-100500000,-66000000,true,https://fr.wikipedia.org/wiki/Aerotitan,https://en.wikipedia.org/wiki/Aerotitan,https://www.pteros.com/pterosaurs/aerotitan.html,Pteros,https://pteros-img.imgix.net/aerotitan_chris-masnaghetti.png?w=300&fm=jpg&auto=compress,oklch(60.6% 0.25 292.717),,
1765209128-4,pterosaurs,range,Aetodactylus,Aetodactylus,-100500000,-66000000,true,https://fr.wikipedia.org/wiki/Aetodactylus,https://en.wikipedia.org/wiki/Aetodactylus,https://www.pteros.com/pterosaurs/aetodactylus.html,Pteros,https://pteros-img.imgix.net/aetodactylus_joschua-knueppe.png?w=300&fm=jpg&auto=compress,oklch(60.6% 0.25 292.717),,
1765209128-5,pterosaurs,range,Afrotapejara,Afrotapejara,-100500000,-66000000,true,https://fr.wikipedia.org/wiki/Afrotapejara,https://en.wikipedia.org/wiki/Afrotapejara,https://www.pteros.com/pterosaurs/afrotapejara.html,Pteros,https://pteros-img.imgix.net/afrotapejara_brennan-stokkermans.png?w=300&fm=jpg&auto=compress,oklch(60.6% 0.25 292.717),,
1765209128-6,pterosaurs,range,Alamodactylus,Alamodactylus,-100500000,-66000000,true,https://fr.wikipedia.org/wiki/Alamodactylus,https://en.wikipedia.org/wiki/Alamodactylus,https://www.pteros.com/pterosaurs/alamodactylus.html,Pteros,http://pteros-img.imgix.net/alamodactylus-nathan_e_rogers.png?w=300&fm=jpg&auto=compress,oklch(60.6% 0.25 292.717),,
1765209128-7,pterosaurs,range,Alanqa,Alanqa,-100500000,-66000000,true,https://fr.wikipedia.org/wiki/Alanqa,https://en.wikipedia.org/wiki/Alanqa,https://www.pteros.com/pterosaurs/alanqa.html,Pteros,https://pteros-img.imgix.net/alanqa_joschua-knueppe.png?w=300&fm=jpg&auto=compress,oklch(60.6% 0.25 292.717),,
1765209128-8,pterosaurs,range,Albadraco,Albadraco,-100500000,-66000000,true,https://fr.wikipedia.org/wiki/Albadraco,https://en.wikipedia.org/wiki/Albadraco,https://www.pteros.com/pterosaurs/albadraco.html,Pteros,https://pteros-img.imgix.net/albadraco_joshua-tedder.png?w=300&fm=jpg&auto=compress,oklch(60.6% 0.25 292.717),,
1765209128-9,pterosaurs,range,Alcione,Alcione,-100500000,-66000000,true,https://fr.wikipedia.org/wiki/Alcione,https://en.wikipedia.org/wiki/Alcione,https://www.pteros.com/pterosaurs/alcione.html,Pteros,https://pteros-img.imgix.net/alcione_joschua-knueppe.png?w=300&fm=jpg&auto=compress,oklch(60.6% 0.25 292.717),,
1765209128-10,pterosaurs,range,Allkaruen,Allkaruen,-174700000,-161500000,true,https://fr.wikipedia.org/wiki/Allkaruen,https://en.wikipedia.org/wiki/Allkaruen,https://www.pteros.com/pterosaurs/allkaruen.html,Pteros,https://pteros-img.imgix.net/allkaruen_joschua-knueppe.png?w=300&fm=jpg&auto=compress,oklch(60.6% 0.25 292.717),,
1765209128-11,pterosaurs,range,Altmuehlopterus,Altmuehlopterus,-161500000,-143100000,true,https://fr.wikipedia.org/wiki/Altmuehlopterus,https://en.wikipedia.org/wiki/Altmuehlopterus,https://www.pteros.com/pterosaurs/altmuehlopterus.html,Pteros,https://pteros-img.imgix.net/altmuehlopterus_oliver-demuth.png?w=300&fm=jpg&auto=compress,oklch(60.6% 0.25 292.717),,
1765209128-12,pterosaurs,range,Angustinaripterus,Angustinaripterus,-174700000,-161500000,true,https://fr.wikipedia.org/wiki/Angustinaripterus,https://en.wikipedia.org/wiki/Angustinaripterus,https://www.pteros.com/pterosaurs/angustinaripterus.html,Pteros,https://pteros-img.imgix.net/angustinaripterus_chris-masnaghetti.png?w=300&fm=jpg&auto=compress,oklch(60.6% 0.25 292.717),,
1765209128-13,pterosaurs,range,Anhanguera,Anhanguera,-143100000,-100500000,true,https://fr.wikipedia.org/wiki/Anhanguera,https://en.wikipedia.org/wiki/Anhanguera,https://www.pteros.com/pterosaurs/anhanguera.html,Pteros,https://pteros-img.imgix.net/anhanguera_julio-lacerda.png?w=300&fm=jpg&auto=compress,oklch(60.6% 0.25 292.717),,
1765209128-14,pterosaurs,range,Anurognathus,Anurognathus,-161500000,-143100000,true,https://fr.wikipedia.org/wiki/Anurognathus,https://en.wikipedia.org/wiki/Anurognathus,https://www.pteros.com/pterosaurs/anurognathus.html,Pteros,https://pteros-img.imgix.net/anurognathus_andrey-atuchin.png?w=300&fm=jpg&auto=compress,oklch(60.6% 0.25 292.717),,
1765209128-15,pterosaurs,range,Apatorhamphus,Apatorhamphus,-100500000,-66000000,true,https://fr.wikipedia.org/wiki/Apatorhamphus,https://en.wikipedia.org/wiki/Apatorhamphus,https://www.pteros.com/pterosaurs/apatorhamphus.html,Pteros,https://pteros-img.imgix.net/apatorhamphus_joshua-tedder.png?w=300&fm=jpg&auto=compress,oklch(60.6% 0.25 292.717),,
1765209128-16,pterosaurs,range,Aralazhdarcho,Aralazhdarcho,-100500000,-66000000,true,https://fr.wikipedia.org/wiki/Aralazhdarcho,https://en.wikipedia.org/wiki/Aralazhdarcho,https://www.pteros.com/pterosaurs/aralazhdarcho.html,Pteros,http://pteros-img.imgix.net/aralazhdarcho_nathan-e-rogers.png?w=300&fm=jpg&auto=compress,oklch(60.6% 0.25 292.717),,
1765209128-17,pterosaurs,range,Arambourgiania,Arambourgiania,-100500000,-66000000,true,https://fr.wikipedia.org/wiki/Arambourgiania,https://en.wikipedia.org/wiki/Arambourgiania,https://www.pteros.com/pterosaurs/arambourgiania.html,Pteros,https://pteros-img.imgix.net/arambourgiania_julio-lacerda.png?w=300&fm=jpg&auto=compress,oklch(60.6% 0.25 292.717),,
1765209128-18,pterosaurs,range,Araripesaurus,Araripesaurus,-143100000,-100500000,true,https://fr.wikipedia.org/wiki/Araripesaurus,https://en.wikipedia.org/wiki/Araripesaurus,https://www.pteros.com/pterosaurs/araripesaurus.html,Pteros,https://pteros-img.imgix.net/araripesaurus_julio-lacerda.png?w=300&fm=jpg&auto=compress,oklch(60.6% 0.25 292.717),,
1765209128-19,pterosaurs,range,Archaeoistiodactylus,Archaeoistiodactylus,-174700000,-161500000,true,https://fr.wikipedia.org/wiki/Archaeoistiodactylus,https://en.wikipedia.org/wiki/Archaeoistiodactylus,https://www.pteros.com/pterosaurs/archaeoistiodactylus.html,Pteros,https://pteros-img.imgix.net/archaeoistiodactylus_julio-lacerda.png?w=300&fm=jpg&auto=compress,oklch(60.6% 0.25 292.717),,
1765209128-20,pterosaurs,range,Arcticodactylus,Arcticodactylus,-237000000,-201400000,true,https://fr.wikipedia.org/wiki/Arcticodactylus,https://en.wikipedia.org/wiki/Arcticodactylus,https://www.pteros.com/pterosaurs/arcticodactylus.html,Pteros,https://pteros-img.imgix.net/arcticodactylus_joschua-knueppe.png?w=300&fm=jpg&auto=compress,oklch(60.6% 0.25 292.717),,
1765209128-21,pterosaurs,range,Ardeadactylus,Ardeadactylus,-161500000,-143100000,true,https://fr.wikipedia.org/wiki/Ardeadactylus,https://en.wikipedia.org/wiki/Ardeadactylus,https://www.pteros.com/pterosaurs/ardeadactylus.html,Pteros,https://pteros-img.imgix.net/ardeadactylus_elia-smaniotto.png?w=300&fm=jpg&auto=compress,oklch(60.6% 0.25 292.717),,
1765209128-22,pterosaurs,range,Argentinadraco,Argentinadraco,-100500000,-66000000,true,https://fr.wikipedia.org/wiki/Argentinadraco,https://en.wikipedia.org/wiki/Argentinadraco,https://www.pteros.com/pterosaurs/argentinadraco.html,Pteros,https://pteros-img.imgix.net/argentinadraco_joschua-knueppe.png?w=300&fm=jpg&auto=compress,oklch(60.6% 0.25 292.717),,
1765209128-23,pterosaurs,range,Arthurdactylus,Arthurdactylus,-143100000,-100500000,true,https://fr.wikipedia.org/wiki/Arthurdactylus,https://en.wikipedia.org/wiki/Arthurdactylus,https://www.pteros.com/pterosaurs/arthurdactylus.html,Pteros,http://pteros-img.imgix.net/arthurdactylus_joschua-knueppe.png?w=300&fm=jpg&auto=compress,oklch(60.6% 0.25 292.717),,
1765209128-24,pterosaurs,range,Aurorazhdarcho,Aurorazhdarcho,-161500000,-143100000,true,https://fr.wikipedia.org/wiki/Aurorazhdarcho,https://en.wikipedia.org/wiki/Aurorazhdarcho,https://www.pteros.com/pterosaurs/aurorazhdarcho.html,Pteros,https://pteros-img.imgix.net/aurorazhdarcho_franz-anthony.png?w=300&fm=jpg&auto=compress,oklch(60.6% 0.25 292.717),,
1765209128-25,pterosaurs,range,Aussiedraco,Aussiedraco,-143100000,-100500000,true,https://fr.wikipedia.org/wiki/Aussiedraco,https://en.wikipedia.org/wiki/Aussiedraco,https://www.pteros.com/pterosaurs/aussiedraco.html,Pteros,https://pteros-img.imgix.net/aussiedraco_franz-anthony.png?w=300&fm=jpg&auto=compress,oklch(60.6% 0.25 292.717),,
1765209128-26,pterosaurs,range,Austriadactylus,Austriadactylus,-237000000,-201400000,true,https://fr.wikipedia.org/wiki/Austriadactylus,https://en.wikipedia.org/wiki/Austriadactylus,https://www.pteros.com/pterosaurs/austriadactylus.html,Pteros,https://pteros-img.imgix.net/austriadactylus-cristatus_fabrizio-de-rossi.png?w=300&fm=jpg&auto=compress,oklch(60.6% 0.25 292.717),,
1765209128-27,pterosaurs,range,Austriadraco,Austriadraco,-237000000,-201400000,true,https://fr.wikipedia.org/wiki/Austriadraco,https://en.wikipedia.org/wiki/Austriadraco,https://www.pteros.com/pterosaurs/austriadraco.html,Pteros,http://pteros-img.imgix.net/austriadraco_midiaou-diallo.png?w=300&fm=jpg&auto=compress,oklch(60.6% 0.25 292.717),,
1765209128-28,pterosaurs,range,Aymberedactylus,Aymberedactylus,-143100000,-100500000,true,https://fr.wikipedia.org/wiki/Aymberedactylus,https://en.wikipedia.org/wiki/Aymberedactylus,https://www.pteros.com/pterosaurs/aymberedactylus.html,Pteros,https://pteros-img.imgix.net/aymberedactylus_joschua-knueppe.png?w=300&fm=jpg&auto=compress,oklch(60.6% 0.25 292.717),,
1765209128-29,pterosaurs,range,Azhdarcho,Azhdarcho,-100500000,-66000000,true,https://fr.wikipedia.org/wiki/Azhdarcho,https://en.wikipedia.org/wiki/Azhdarcho,https://www.pteros.com/pterosaurs/azhdarcho.html,Pteros,https://pteros-img.imgix.net/azhdarcho-lancicollis_fabrizio-de-rossi.png?w=300&fm=jpg&auto=compress,oklch(60.6% 0.25 292.717),,
1765209128-30,pterosaurs,range,Bakonydraco,Bakonydraco,-100500000,-66000000,true,https://fr.wikipedia.org/wiki/Bakonydraco,https://en.wikipedia.org/wiki/Bakonydraco,https://www.pteros.com/pterosaurs/bakonydraco.html,Pteros,https://pteros-img.imgix.net/bakonydraco-galaczi_julio-lacerda.png?w=300&fm=jpg&auto=compress,oklch(60.6% 0.25 292.717),,
1765209128-31,pterosaurs,range,Banguela,Banguela,-143100000,-100500000,true,https://fr.wikipedia.org/wiki/Banguela,https://en.wikipedia.org/wiki/Banguela,https://www.pteros.com/pterosaurs/banguela.html,Pteros,https://pteros-img.imgix.net/banguela-walking_oliver-demuth.png?w=300&fm=jpg&auto=compress,oklch(60.6% 0.25 292.717),,
1765209128-32,pterosaurs,range,Barbaridactylus,Barbaridactylus,-100500000,-66000000,true,https://fr.wikipedia.org/wiki/Barbaridactylus,https://en.wikipedia.org/wiki/Barbaridactylus,https://www.pteros.com/pterosaurs/barbaridactylus.html,Pteros,https://pteros-img.imgix.net/barbaridactylus_vitor-silva.png?w=300&fm=jpg&auto=compress,oklch(60.6% 0.25 292.717),,
1765209128-33,pterosaurs,range,Barbosania,Barbosania,-143100000,-100500000,true,https://fr.wikipedia.org/wiki/Barbosania,https://en.wikipedia.org/wiki/Barbosania,https://www.pteros.com/pterosaurs/barbosania.html,Pteros,https://pteros-img.imgix.net/barbosania_vitor-silva.png?w=300&fm=jpg&auto=compress,oklch(60.6% 0.25 292.717),,
1765209128-34,pterosaurs,range,Batrachognathus,Batrachognathus,-161500000,-143100000,true,https://fr.wikipedia.org/wiki/Batrachognathus,https://en.wikipedia.org/wiki/Batrachognathus,https://www.pteros.com/pterosaurs/batrachognathus.html,Pteros,https://pteros-img.imgix.net/batrachognathus_joschua-knueppe.png?w=300&fm=jpg&auto=compress,oklch(60.6% 0.25 292.717),,
1765209128-35,pterosaurs,range,Beipiaopterus,Beipiaopterus,-143100000,-100500000,true,https://fr.wikipedia.org/wiki/Beipiaopterus,https://en.wikipedia.org/wiki/Beipiaopterus,https://www.pteros.com/pterosaurs/beipiaopterus.html,Pteros,https://pteros-img.imgix.net/beipiaopterus_julio-lacerda.png?w=300&fm=jpg&auto=compress,oklch(60.6% 0.25 292.717),,
1765209128-36,pterosaurs,range,Bellubrunnus,Bellubrunnus,-161500000,-143100000,true,https://fr.wikipedia.org/wiki/Bellubrunnus,https://en.wikipedia.org/wiki/Bellubrunnus,https://www.pteros.com/pterosaurs/bellubrunnus.html,Pteros,https://pteros-img.imgix.net/bellubrunnus_joschua-knueppe.png?w=300&fm=jpg&auto=compress,oklch(60.6% 0.25 292.717),,
1765209128-37,pterosaurs,range,Bennettazhia,Bennettazhia,-143100000,-100500000,true,https://fr.wikipedia.org/wiki/Bennettazhia,https://en.wikipedia.org/wiki/Bennettazhia,https://www.pteros.com/pterosaurs/bennettazhia.html,Pteros,https://pteros-img.imgix.net/bennettazhia_midiaou-diallo.png?w=300&fm=jpg&auto=compress,oklch(60.6% 0.25 292.717),,
1765209128-38,pterosaurs,range,Bergamodactylus,Bergamodactylus,-237000000,-201400000,true,https://fr.wikipedia.org/wiki/Bergamodactylus,https://en.wikipedia.org/wiki/Bergamodactylus,https://www.pteros.com/pterosaurs/bergamodactylus.html,Pteros,https://pteros-img.imgix.net/bergamodactylus_julio-lacerda.png?w=300&fm=jpg&auto=compress,oklch(60.6% 0.25 292.717),,
1765209128-39,pterosaurs,range,Bogolubovia,Bogolubovia,-100500000,-66000000,true,https://fr.wikipedia.org/wiki/Bogolubovia,https://en.wikipedia.org/wiki/Bogolubovia,https://www.pteros.com/pterosaurs/bogolubovia.html,Pteros,https://pteros-img.imgix.net/bogolubovia_julio-lacerda.png?w=300&fm=jpg&auto=compress,oklch(60.6% 0.25 292.717),,
1765209128-40,pterosaurs,range,Boreopterus,Boreopterus,-143100000,-100500000,true,https://fr.wikipedia.org/wiki/Boreopterus,https://en.wikipedia.org/wiki/Boreopterus,https://www.pteros.com/pterosaurs/boreopterus.html,Pteros,https://pteros-img.imgix.net/boreopterus_julio-lacerda.png?w=300&fm=jpg&auto=compress,oklch(60.6% 0.25 292.717),,
1765209128-41,pterosaurs,range,Brasileodactylus,Brasileodactylus,-143100000,-100500000,true,https://fr.wikipedia.org/wiki/Brasileodactylus,https://en.wikipedia.org/wiki/Brasileodactylus,https://www.pteros.com/pterosaurs/brasileodactylus.html,Pteros,https://pteros-img.imgix.net/brasileodactylus_julio-lacerda.png?w=300&fm=jpg&auto=compress,oklch(60.6% 0.25 292.717),,
1765209128-42,pterosaurs,range,Cacibupteryx,Cacibupteryx,-161500000,-143100000,true,https://fr.wikipedia.org/wiki/Cacibupteryx,https://en.wikipedia.org/wiki/Cacibupteryx,https://www.pteros.com/pterosaurs/cacibupteryx.html,Pteros,https://pteros-img.imgix.net/cacibupteryx_franz-anthony.png?w=300&fm=jpg&auto=compress,oklch(60.6% 0.25 292.717),,
1765209128-43,pterosaurs,range,Caelestiventus,Caelestiventus,-237000000,-201400000,true,https://fr.wikipedia.org/wiki/Caelestiventus,https://en.wikipedia.org/wiki/Caelestiventus,https://www.pteros.com/pterosaurs/caelestiventus.html,Pteros,http://pteros-img.imgix.net/caelestiventus_joschua-knueppe.png?w=300&fm=jpg&auto=compress,oklch(60.6% 0.25 292.717),,
1765209128-44,pterosaurs,range,Caiuajara,Caiuajara,-100500000,-66000000,true,https://fr.wikipedia.org/wiki/Caiuajara,https://en.wikipedia.org/wiki/Caiuajara,https://www.pteros.com/pterosaurs/caiuajara.html,Pteros,https://pteros-img.imgix.net/caiuajara_andrey-atuchin.png?w=300&fm=jpg&auto=compress,oklch(60.6% 0.25 292.717),,
1765209128-45,pterosaurs,range,Camposipterus,Camposipterus,-100500000,-66000000,true,https://fr.wikipedia.org/wiki/Camposipterus,https://en.wikipedia.org/wiki/Camposipterus,https://www.pteros.com/pterosaurs/camposipterus.html,Pteros,https://pteros-img.imgix.net/camposipterus_julio-lacerda.png?w=300&fm=jpg&auto=compress,oklch(60.6% 0.25 292.717),,
1765209128-46,pterosaurs,range,Campylognathoides,Campylognathoides,-201400000,-174700000,true,https://fr.wikipedia.org/wiki/Campylognathoides,https://en.wikipedia.org/wiki/Campylognathoides,https://www.pteros.com/pterosaurs/campylognathoides.html,Pteros,https://pteros-img.imgix.net/campylognathoides_chris-masnaghetti.png?w=300&fm=jpg&auto=compress,oklch(60.6% 0.25 292.717),,
1765209128-47,pterosaurs,range,Carniadactylus,Carniadactylus,-237000000,-201400000,true,https://fr.wikipedia.org/wiki/Carniadactylus,https://en.wikipedia.org/wiki/Carniadactylus,https://www.pteros.com/pterosaurs/carniadactylus.html,Pteros,https://pteros-img.imgix.net/carniadactylus_fabrizio-de-rossi.png?w=300&fm=jpg&auto=compress,oklch(60.6% 0.25 292.717),,
1765209128-48,pterosaurs,range,Cathayopterus,Cathayopterus,-143100000,-100500000,true,https://fr.wikipedia.org/wiki/Cathayopterus,https://en.wikipedia.org/wiki/Cathayopterus,https://www.pteros.com/pterosaurs/cathayopterus.html,Pteros,https://pteros-img.imgix.net/cathayopterus_midiaou-diallo.png?w=300&fm=jpg&auto=compress,oklch(60.6% 0.25 292.717),,
1765209128-49,pterosaurs,range,Caulkicephalus,Caulkicephalus,-143100000,-100500000,true,https://fr.wikipedia.org/wiki/Caulkicephalus,https://en.wikipedia.org/wiki/Caulkicephalus,https://www.pteros.com/pterosaurs/caulkicephalus.html,Pteros,https://pteros-img.imgix.net/caulkicephalus-trimicrodon_julio-lacerda.png?w=300&fm=jpg&auto=compress,oklch(60.6% 0.25 292.717),,
1765209128-50,pterosaurs,range,Caupedactylus,Caupedactylus,-143100000,-100500000,true,https://fr.wikipedia.org/wiki/Caupedactylus,https://en.wikipedia.org/wiki/Caupedactylus,https://www.pteros.com/pterosaurs/caupedactylus.html,Pteros,https://pteros-img.imgix.net/caupedactylus_fabrizio-de-rossi.png?w=300&fm=jpg&auto=compress,oklch(60.6% 0.25 292.717),,
1765209128-51,pterosaurs,range,Caviramus,Caviramus,-237000000,-201400000,true,https://fr.wikipedia.org/wiki/Caviramus,https://en.wikipedia.org/wiki/Caviramus,https://www.pteros.com/pterosaurs/caviramus.html,Pteros,https://pteros-img.imgix.net/caviramus_andrey-atuchin.png?w=300&fm=jpg&auto=compress,oklch(60.6% 0.25 292.717),,
1765209128-52,pterosaurs,range,Cearadactylus,Cearadactylus,-143100000,-100500000,true,https://fr.wikipedia.org/wiki/Cearadactylus,https://en.wikipedia.org/wiki/Cearadactylus,https://www.pteros.com/pterosaurs/cearadactylus.html,Pteros,https://pteros-img.imgix.net/cearadactylus_oliver-demuth.png?w=300&fm=jpg&auto=compress,oklch(60.6% 0.25 292.717),,
1765209128-53,pterosaurs,range,Changchengopterus,Changchengopterus,-174700000,-161500000,true,https://fr.wikipedia.org/wiki/Changchengopterus,https://en.wikipedia.org/wiki/Changchengopterus,https://www.pteros.com/pterosaurs/changchengopterus.html,Pteros,https://pteros-img.imgix.net/changchengopterus_joschua-knueppe.png?w=300&fm=jpg&auto=compress,oklch(60.6% 0.25 292.717),,
1765209128-54,pterosaurs,range,Chaoyangopterus,Chaoyangopterus,-143100000,-100500000,true,https://fr.wikipedia.org/wiki/Chaoyangopterus,https://en.wikipedia.org/wiki/Chaoyangopterus,https://www.pteros.com/pterosaurs/chaoyangopterus.html,Pteros,https://pteros-img.imgix.net/chaoyangopterus_joschua-knueppe.png?w=300&fm=jpg&auto=compress,oklch(60.6% 0.25 292.717),,
1765209128-55,pterosaurs,range,Cimoliopterus,Cimoliopterus,-100500000,-66000000,true,https://fr.wikipedia.org/wiki/Cimoliopterus,https://en.wikipedia.org/wiki/Cimoliopterus,https://www.pteros.com/pterosaurs/cimoliopterus.html,Pteros,https://pteros-img.imgix.net/cimoliopterus_midiaou-diallo.png?w=300&fm=jpg&auto=compress,oklch(60.6% 0.25 292.717),,
1765209128-56,pterosaurs,range,Coloborhynchus,Coloborhynchus,-143100000,-100500000,true,https://fr.wikipedia.org/wiki/Coloborhynchus,https://en.wikipedia.org/wiki/Coloborhynchus,https://www.pteros.com/pterosaurs/coloborhynchus.html,Pteros,http://pteros-img.imgix.net/coloborhynchus_franz-anthony.png?w=300&fm=jpg&auto=compress,oklch(60.6% 0.25 292.717),,
1765209128-57,pterosaurs,range,Cryodrakon,Cryodrakon,-100500000,-66000000,true,https://fr.wikipedia.org/wiki/Cryodrakon,https://en.wikipedia.org/wiki/Cryodrakon,https://www.pteros.com/pterosaurs/cryodrakon.html,Pteros,https://pteros-img.imgix.net/cryodrakon_joschua-knueppe.png?w=300&fm=jpg&auto=compress,oklch(60.6% 0.25 292.717),,
1765209128-58,pterosaurs,range,Ctenochasma,Ctenochasma,-161500000,-143100000,true,https://fr.wikipedia.org/wiki/Ctenochasma,https://en.wikipedia.org/wiki/Ctenochasma,https://www.pteros.com/pterosaurs/ctenochasma.html,Pteros,https://pteros-img.imgix.net/ctenochasma_chris-masnaghetti.png?w=300&fm=jpg&auto=compress,oklch(60.6% 0.25 292.717),,
1765209128-59,pterosaurs,range,Cuspicephalus,Cuspicephalus,-161500000,-143100000,true,https://fr.wikipedia.org/wiki/Cuspicephalus,https://en.wikipedia.org/wiki/Cuspicephalus,https://www.pteros.com/pterosaurs/cuspicephalus.html,Pteros,https://pteros-img.imgix.net/cuspicephalus_joschua-knueppe.png?w=300&fm=jpg&auto=compress,oklch(60.6% 0.25 292.717),,
1765209128-60,pterosaurs,range,Cycnorhamphus,Cycnorhamphus,-161500000,-143100000,true,https://fr.wikipedia.org/wiki/Cycnorhamphus,https://en.wikipedia.org/wiki/Cycnorhamphus,https://www.pteros.com/pterosaurs/cycnorhamphus.html,Pteros,https://pteros-img.imgix.net/cycnorhamphus_chris-masnaghetti.png?w=300&fm=jpg&auto=compress,oklch(60.6% 0.25 292.717),,
1765209128-61,pterosaurs,range,Daohugoupterus,Daohugoupterus,-174700000,-161500000,true,https://fr.wikipedia.org/wiki/Daohugoupterus,https://en.wikipedia.org/wiki/Daohugoupterus,https://www.pteros.com/pterosaurs/daohugoupterus.html,Pteros,https://pteros-img.imgix.net/daohugoupterus_joshua-tedder.png?w=300&fm=jpg&auto=compress,oklch(60.6% 0.25 292.717),,
1765209128-62,pterosaurs,range,Darwinopterus,Darwinopterus,-174700000,-161500000,true,https://fr.wikipedia.org/wiki/Darwinopterus,https://en.wikipedia.org/wiki/Darwinopterus,https://www.pteros.com/pterosaurs/darwinopterus.html,Pteros,https://pteros-img.imgix.net/darwinopterus-linglongtaensis_joschua-knueppe.png?w=300&fm=jpg&auto=compress,oklch(60.6% 0.25 292.717),,
1765209128-63,pterosaurs,range,Dawndraco,Dawndraco,-100500000,-66000000,true,https://en.wikipedia.org/wiki/Dawndraco,https://en.wikipedia.org/wiki/Dawndraco,https://www.pteros.com/pterosaurs/dawndraco.html,Pteros,https://pteros-img.imgix.net/dawndraco-kanzai_julio-lacerda.png?w=300&fm=jpg&auto=compress,oklch(60.6% 0.25 292.717),,
1765209128-64,pterosaurs,range,Dendrorhynchoides,Dendrorhynchoides,-174700000,-161500000,true,https://fr.wikipedia.org/wiki/Dendrorhynchoides,https://en.wikipedia.org/wiki/Dendrorhynchoides,https://www.pteros.com/pterosaurs/dendrorhynchoides.html,Pteros,https://pteros-img.imgix.net/dendrorhynchoides_joschua-knueppe.png?w=300&fm=jpg&auto=compress,oklch(60.6% 0.25 292.717),,
1765209128-65,pterosaurs,range,Dimorphodon,Dimorphodon,-201400000,-174700000,true,https://fr.wikipedia.org/wiki/Dimorphodon,https://en.wikipedia.org/wiki/Dimorphodon,https://www.pteros.com/pterosaurs/dimorphodon.html,Pteros,https://pteros-img.imgix.net/dimorphodon-macronyx_julio-lacerda.png?w=300&fm=jpg&auto=compress,oklch(60.6% 0.25 292.717),,
1765209128-66,pterosaurs,range,Diopecephalus,Diopecephalus,-161500000,-143100000,true,https://fr.wikipedia.org/wiki/Diopecephalus,https://en.wikipedia.org/wiki/Diopecephalus,https://www.pteros.com/pterosaurs/diopecephalus.html,Pteros,http://pteros-img.imgix.net/diopecephalus_joshua-tedder.png?w=300&fm=jpg&auto=compress,oklch(60.6% 0.25 292.717),,
1765209128-67,pterosaurs,range,Domeykodactylus,Domeykodactylus,-143100000,-100500000,true,https://fr.wikipedia.org/wiki/Domeykodactylus,https://en.wikipedia.org/wiki/Domeykodactylus,https://www.pteros.com/pterosaurs/domeykodactylus.html,Pteros,https://pteros-img.imgix.net/domeykodactylus_julio-lacerda.png?w=300&fm=jpg&auto=compress,oklch(60.6% 0.25 292.717),,
1765209128-68,pterosaurs,range,Dorygnathus,Dorygnathus,-201400000,-174700000,true,https://fr.wikipedia.org/wiki/Dorygnathus,https://en.wikipedia.org/wiki/Dorygnathus,https://www.pteros.com/pterosaurs/dorygnathus.html,Pteros,https://pteros-img.imgix.net/dorygnathus_joschua-knuppe.png?w=300&fm=jpg&auto=compress,oklch(60.6% 0.25 292.717),,
1765209128-69,pterosaurs,range,Douzhanopterus,Douzhanopterus,-161500000,-143100000,true,https://en.wikipedia.org/wiki/Douzhanopterus,https://en.wikipedia.org/wiki/Douzhanopterus,https://www.pteros.com/pterosaurs/douzhanopterus.html,Pteros,https://pteros-img.imgix.net/douzhanopterus_joschua-knueppe.png?w=300&fm=jpg&auto=compress,oklch(60.6% 0.25 292.717),,
1765209128-70,pterosaurs,range,Dsungaripterus,Dsungaripterus,-143100000,-100500000,true,https://fr.wikipedia.org/wiki/Dsungaripterus,https://en.wikipedia.org/wiki/Dsungaripterus,https://www.pteros.com/pterosaurs/dsungaripterus.html,Pteros,https://pteros-img.imgix.net/dsungaripterus-weii_julio-lacerda.png?w=300&fm=jpg&auto=compress,oklch(60.6% 0.25 292.717),,
1765209128-71,pterosaurs,range,Elanodactylus,Elanodactylus,-143100000,-100500000,true,https://fr.wikipedia.org/wiki/Elanodactylus,https://en.wikipedia.org/wiki/Elanodactylus,https://www.pteros.com/pterosaurs/elanodactylus.html,Pteros,https://pteros-img.imgix.net/elanodactylus_vitor-silva.png?w=300&fm=jpg&auto=compress,oklch(60.6% 0.25 292.717),,
1765209128-72,pterosaurs,range,Eoazhdarcho,Eoazhdarcho,-143100000,-100500000,true,https://fr.wikipedia.org/wiki/Eoazhdarcho,https://en.wikipedia.org/wiki/Eoazhdarcho,https://www.pteros.com/pterosaurs/eoazhdarcho.html,Pteros,https://pteros-img.imgix.net/eoazhdarcho_vitor-silva.png?w=300&fm=jpg&auto=compress,oklch(60.6% 0.25 292.717),,
1765209128-73,pterosaurs,range,Eopteranodon,Eopteranodon,-143100000,-100500000,true,https://fr.wikipedia.org/wiki/Eopteranodon,https://en.wikipedia.org/wiki/Eopteranodon,https://www.pteros.com/pterosaurs/eopteranodon.html,Pteros,https://pteros-img.imgix.net/eopteranodon_franz-anthony.png?w=300&fm=jpg&auto=compress,oklch(60.6% 0.25 292.717),,
1765209128-74,pterosaurs,range,Eosipterus,Eosipterus,-143100000,-100500000,true,https://fr.wikipedia.org/wiki/Eosipterus,https://en.wikipedia.org/wiki/Eosipterus,https://www.pteros.com/pterosaurs/eosipterus.html,Pteros,https://pteros-img.imgix.net/eosipterus_midiaou-diallo.png?w=300&fm=jpg&auto=compress,oklch(60.6% 0.25 292.717),,
1765209128-75,pterosaurs,range,Eudimorphodon,Eudimorphodon,-237000000,-201400000,true,https://fr.wikipedia.org/wiki/Eudimorphodon,https://en.wikipedia.org/wiki/Eudimorphodon,https://www.pteros.com/pterosaurs/eudimorphodon.html,Pteros,https://pteros-img.imgix.net/eudimorphodon_vitor-silva.png?w=300&fm=jpg&auto=compress,oklch(60.6% 0.25 292.717),,
1765209128-76,pterosaurs,range,Eurazhdarcho,Eurazhdarcho,-100500000,-66000000,true,https://fr.wikipedia.org/wiki/Eurazhdarcho,https://en.wikipedia.org/wiki/Eurazhdarcho,https://www.pteros.com/pterosaurs/eurazhdarcho.html,Pteros,https://pteros-img.imgix.net/eurazhdarcho_chris-masnaghetti.png?w=300&fm=jpg&auto=compress,oklch(60.6% 0.25 292.717),,
1765209128-77,pterosaurs,range,Eurolimnornis,Eurolimnornis,-143100000,-100500000,true,https://en.wikipedia.org/wiki/Eurolimnornis,https://en.wikipedia.org/wiki/Eurolimnornis,https://www.pteros.com/pterosaurs/eurolimnornis.html,Pteros,https://pteros-img.imgix.net/eurolimnornis_julio-lacerda.png?w=300&fm=jpg&auto=compress,oklch(60.6% 0.25 292.717),,
1765209128-78,pterosaurs,range,Europejara,Europejara,-143100000,-100500000,true,https://fr.wikipedia.org/wiki/Europejara,https://en.wikipedia.org/wiki/Europejara,https://www.pteros.com/pterosaurs/europejara.html,Pteros,https://pteros-img.imgix.net/europejara_vitor-silva.png?w=300&fm=jpg&auto=compress,oklch(60.6% 0.25 292.717),,
1765209128-79,pterosaurs,range,Faxinalipterus,Faxinalipterus,-237000000,-201400000,true,https://en.wikipedia.org/wiki/Faxinalipterus,https://en.wikipedia.org/wiki/Faxinalipterus,https://www.pteros.com/pterosaurs/faxinalipterus.html,Pteros,https://pteros-img.imgix.net/faxinalipterus_vitor-silva.png?w=300&fm=jpg&auto=compress,oklch(60.6% 0.25 292.717),,
1765209128-80,pterosaurs,range,Feilongus,Feilongus,-143100000,-100500000,true,https://fr.wikipedia.org/wiki/Feilongus,https://en.wikipedia.org/wiki/Feilongus,https://www.pteros.com/pterosaurs/feilongus.html,Pteros,https://pteros-img.imgix.net/feilongus_joschua-knueppe.png?w=300&fm=jpg&auto=compress,oklch(60.6% 0.25 292.717),,
1765209128-81,pterosaurs,range,Fenghuangopterus,Fenghuangopterus,-174700000,-161500000,true,https://fr.wikipedia.org/wiki/Fenghuangopterus,https://en.wikipedia.org/wiki/Fenghuangopterus,https://www.pteros.com/pterosaurs/fenghuangopterus.html,Pteros,https://pteros-img.imgix.net/fenghuangopterus_franz-anthony.png?w=300&fm=jpg&auto=compress,oklch(60.6% 0.25 292.717),,
1765209128-82,pterosaurs,range,Ferrodraco,Ferrodraco,-100500000,-66000000,true,https://fr.wikipedia.org/wiki/Ferrodraco,https://en.wikipedia.org/wiki/Ferrodraco,https://www.pteros.com/pterosaurs/ferrodraco.html,Pteros,https://pteros-img.imgix.net/ferrodraco_joshua-tedder.png?w=300&fm=jpg&auto=compress,oklch(60.6% 0.25 292.717),,
1765209128-83,pterosaurs,range,Forfexopterus,Forfexopterus,-143100000,-100500000,true,https://fr.wikipedia.org/wiki/Forfexopterus,https://en.wikipedia.org/wiki/Forfexopterus,https://www.pteros.com/pterosaurs/forfexopterus.html,Pteros,https://pteros-img.imgix.net/forfexopterus_joschua-knueppe.png?w=300&fm=jpg&auto=compress,oklch(60.6% 0.25 292.717),,
1765209128-84,pterosaurs,range,Gegepterus,Gegepterus,-143100000,-100500000,true,https://fr.wikipedia.org/wiki/Gegepterus,https://en.wikipedia.org/wiki/Gegepterus,https://www.pteros.com/pterosaurs/gegepterus.html,Pteros,https://pteros-img.imgix.net/gegepterus_joschua-knueppe.png?w=300&fm=jpg&auto=compress,oklch(60.6% 0.25 292.717),,
1765209128-85,pterosaurs,range,Geosternbergia,Geosternbergia,-100500000,-66000000,true,https://fr.wikipedia.org/wiki/Geosternbergia,https://en.wikipedia.org/wiki/Geosternbergia,https://www.pteros.com/pterosaurs/geosternbergia.html,Pteros,https://pteros-img.imgix.net/geosternbergia_fabrizio-de-rossi.png?w=300&fm=jpg&auto=compress,oklch(60.6% 0.25 292.717),,
1765209128-86,pterosaurs,range,Germanodactylus,Germanodactylus,-161500000,-143100000,true,https://fr.wikipedia.org/wiki/Germanodactylus,https://en.wikipedia.org/wiki/Germanodactylus,https://www.pteros.com/pterosaurs/germanodactylus.html,Pteros,https://pteros-img.imgix.net/germanodactylus-cristatus_julio-lacerda.png?w=300&fm=jpg&auto=compress,oklch(60.6% 0.25 292.717),,
1765209128-87,pterosaurs,range,Gladocephaloideus,Gladocephaloideus,-143100000,-100500000,true,https://fr.wikipedia.org/wiki/Gladocephaloideus,https://en.wikipedia.org/wiki/Gladocephaloideus,https://www.pteros.com/pterosaurs/gladocephaloideus.html,Pteros,https://pteros-img.imgix.net/gladocephaloideus_joschua-knueppe.png?w=300&fm=jpg&auto=compress,oklch(60.6% 0.25 292.717),,
1765209128-88,pterosaurs,range,Gnathosaurus,Gnathosaurus,-161500000,-143100000,true,https://fr.wikipedia.org/wiki/Gnathosaurus,https://en.wikipedia.org/wiki/Gnathosaurus,https://www.pteros.com/pterosaurs/gnathosaurus.html,Pteros,https://pteros-img.imgix.net/gnathosaurus_joschua-knueppe.png?w=300&fm=jpg&auto=compress,oklch(60.6% 0.25 292.717),,
1765209128-89,pterosaurs,range,Guidraco,Guidraco,-143100000,-100500000,true,https://fr.wikipedia.org/wiki/Guidraco,https://en.wikipedia.org/wiki/Guidraco,https://www.pteros.com/pterosaurs/guidraco.html,Pteros,https://pteros-img.imgix.net/guidraco-venator_julio-lacerda.png?w=300&fm=jpg&auto=compress,oklch(60.6% 0.25 292.717),,
1765209128-90,pterosaurs,range,Hamipterus,Hamipterus,-143100000,-100500000,true,https://fr.wikipedia.org/wiki/Hamipterus,https://en.wikipedia.org/wiki/Hamipterus,https://www.pteros.com/pterosaurs/hamipterus.html,Pteros,https://pteros-img.imgix.net/hamipterus_oliver-demuth.png?w=300&fm=jpg&auto=compress,oklch(60.6% 0.25 292.717),,
1765209128-91,pterosaurs,range,Haopterus,Haopterus,-143100000,-100500000,true,https://fr.wikipedia.org/wiki/Haopterus,https://en.wikipedia.org/wiki/Haopterus,https://www.pteros.com/pterosaurs/haopterus.html,Pteros,https://pteros-img.imgix.net/haopterus_fabrizio-de-rossi.png?w=300&fm=jpg&auto=compress,oklch(60.6% 0.25 292.717),,
1765209128-92,pterosaurs,range,Harpactognathus,Harpactognathus,-174700000,-161500000,true,https://fr.wikipedia.org/wiki/Harpactognathus,https://en.wikipedia.org/wiki/Harpactognathus,https://www.pteros.com/pterosaurs/harpactognathus.html,Pteros,https://pteros-img.imgix.net/harpactognathus_vitor-silva.png?w=300&fm=jpg&auto=compress,oklch(60.6% 0.25 292.717),,
1765209128-93,pterosaurs,range,Hasandong Boreopterid,Hasandong Boreopterid,-143100000,-100500000,true,,,https://www.pteros.com/pterosaurs/hasandong-boreopterid.html,Pteros,http://pteros-img.imgix.net/hasandong-boreopterid_brennan-stokkermans.png?w=300&fm=jpg&auto=compress,oklch(60.6% 0.25 292.717),,
1765209128-94,pterosaurs,range,Hateg Island Azhdarchid,Hateg Island Azhdarchid,-100500000,-66000000,true,,,https://www.pteros.com/pterosaurs/hateg-island-azhdarchid.html,Pteros,https://pteros-img.imgix.net/hateg-azhdarchid_joschua-knueppe.png?w=300&fm=jpg&auto=compress,oklch(60.6% 0.25 292.717),,
1765209128-95,pterosaurs,range,Hatzegopteryx,Hatzegopteryx,-100500000,-66000000,true,https://fr.wikipedia.org/wiki/Hatzegopteryx,https://en.wikipedia.org/wiki/Hatzegopteryx,https://www.pteros.com/pterosaurs/hatzegopteryx.html,Pteros,https://pteros-img.imgix.net/hatzegopteryx_nathan-e-rogers.png?w=300&fm=jpg&auto=compress,oklch(60.6% 0.25 292.717),,
1765209128-96,pterosaurs,range,Herbstosaurus,Herbstosaurus,-161500000,-143100000,true,https://en.wikipedia.org/wiki/Herbstosaurus,https://en.wikipedia.org/wiki/Herbstosaurus,https://www.pteros.com/pterosaurs/herbstosaurus.html,Pteros,http://pteros-img.imgix.net/herbstosaurus_julio-lacerda.png?w=300&fm=jpg&auto=compress,oklch(60.6% 0.25 292.717),,
1765209128-97,pterosaurs,range,Hongshanopterus,Hongshanopterus,-143100000,-100500000,true,https://fr.wikipedia.org/wiki/Hongshanopterus,https://en.wikipedia.org/wiki/Hongshanopterus,https://www.pteros.com/pterosaurs/hongshanopterus.html,Pteros,https://pteros-img.imgix.net/hongshanopterus_franz-anthony.png?w=300&fm=jpg&auto=compress,oklch(60.6% 0.25 292.717),,
1765209128-98,pterosaurs,range,Hornby Island Azhdarchid,Hornby Island Azhdarchid,-100500000,-66000000,true,,,https://www.pteros.com/pterosaurs/hornby-island-azhdarchid.html,Pteros,https://pteros-img.imgix.net/hornby-island-azhdarchid_joschua-knueppe.png?w=300&fm=jpg&auto=compress,oklch(60.6% 0.25 292.717),,
1765209128-99,pterosaurs,range,Huanhepterus,Huanhepterus,-143100000,-100500000,true,https://fr.wikipedia.org/wiki/Huanhepterus,https://en.wikipedia.org/wiki/Huanhepterus,https://www.pteros.com/pterosaurs/huanhepterus.html,Pteros,https://pteros-img.imgix.net/huanhepterus_julio-lacerda.png?w=300&fm=jpg&auto=compress,oklch(60.6% 0.25 292.717),,
1765209128-100,pterosaurs,range,Huaxiapterus,Huaxiapterus,-143100000,-100500000,true,https://fr.wikipedia.org/wiki/Huaxiapterus,https://en.wikipedia.org/wiki/Huaxiapterus,https://www.pteros.com/pterosaurs/huaxiapterus.html,Pteros,https://pteros-img.imgix.net/huaxiapterus_joschua-knueppe.png?w=300&fm=jpg&auto=compress,oklch(60.6% 0.25 292.717),,
1765209128-101,pterosaurs,range,Ian The Wukongopterid,Ian The Wukongopterid,-174700000,-161500000,true,,,https://www.pteros.com/pterosaurs/ian-the-wukongopterid.html,Pteros,https://pteros-img.imgix.net/ian-the-wukongopterid_joschua-knuppe.png?w=300&fm=jpg&auto=compress,oklch(60.6% 0.25 292.717),,
1765209128-102,pterosaurs,range,Iberodactylus,Iberodactylus,-143100000,-100500000,true,https://fr.wikipedia.org/wiki/Iberodactylus,https://en.wikipedia.org/wiki/Iberodactylus,https://www.pteros.com/pterosaurs/iberodactylus.html,Pteros,https://pteros-img.imgix.net/iberodactylus_joschua-knueppe.png?w=300&fm=jpg&auto=compress,oklch(60.6% 0.25 292.717),,
1765209128-103,pterosaurs,range,Ikrandraco,Ikrandraco,-143100000,-100500000,true,https://fr.wikipedia.org/wiki/Ikrandraco,https://en.wikipedia.org/wiki/Ikrandraco,https://www.pteros.com/pterosaurs/ikrandraco.html,Pteros,https://pteros-img.imgix.net/ikrandraco-avatar_fabrizio-de-rossi.png?w=300&fm=jpg&auto=compress,oklch(60.6% 0.25 292.717),,
1765209128-104,pterosaurs,range,Istiodactylus,Istiodactylus,-143100000,-100500000,true,https://fr.wikipedia.org/wiki/Istiodactylus,https://en.wikipedia.org/wiki/Istiodactylus,https://www.pteros.com/pterosaurs/istiodactylus.html,Pteros,https://pteros-img.imgix.net/istiodactylus-sinensis_julio-lacerda.png?w=300&fm=jpg&auto=compress,oklch(60.6% 0.25 292.717),,
1765209128-105,pterosaurs,range,Jeholopterus,Jeholopterus,-174700000,-161500000,true,https://fr.wikipedia.org/wiki/Jeholopterus,https://en.wikipedia.org/wiki/Jeholopterus,https://www.pteros.com/pterosaurs/jeholopterus.html,Pteros,https://pteros-img.imgix.net/jeholopterus_vitor-silva.png?w=300&fm=jpg&auto=compress,oklch(60.6% 0.25 292.717),,
1765209128-106,pterosaurs,range,Jianchangnathus,Jianchangnathus,-174700000,-161500000,true,https://fr.wikipedia.org/wiki/Jianchangnathus,https://en.wikipedia.org/wiki/Jianchangnathus,https://www.pteros.com/pterosaurs/jianchangnathus.html,Pteros,https://pteros-img.imgix.net/jianchangnathus_fabrizio-de-rossi.png?w=300&fm=jpg&auto=compress,oklch(60.6% 0.25 292.717),,
1765209128-107,pterosaurs,range,Jianchangopterus,Jianchangopterus,-174700000,-161500000,true,https://fr.wikipedia.org/wiki/Jianchangopterus,https://en.wikipedia.org/wiki/Jianchangopterus,https://www.pteros.com/pterosaurs/jianchangopterus.html,Pteros,https://pteros-img.imgix.net/jianchangopterus_franz-anthony.png?w=300&fm=jpg&auto=compress,oklch(60.6% 0.25 292.717),,
1765209128-108,pterosaurs,range,Jidapterus,Jidapterus,-143100000,-100500000,true,https://fr.wikipedia.org/wiki/Jidapterus,https://en.wikipedia.org/wiki/Jidapterus,https://www.pteros.com/pterosaurs/jidapterus.html,Pteros,https://pteros-img.imgix.net/jidapterus_joschua-knueppe.png?w=300&fm=jpg&auto=compress,oklch(60.6% 0.25 292.717),,
1765209128-109,pterosaurs,range,Kepodactylus,Kepodactylus,-161500000,-143100000,true,https://fr.wikipedia.org/wiki/Kepodactylus,https://en.wikipedia.org/wiki/Kepodactylus,https://www.pteros.com/pterosaurs/kepodactylus.html,Pteros,https://pteros-img.imgix.net/kepodactylus_franz-anthony.png?w=300&fm=jpg&auto=compress,oklch(60.6% 0.25 292.717),,
1765209128-110,pterosaurs,range,Keresdrakon,Keresdrakon,-100500000,-66000000,true,https://en.wikipedia.org/wiki/Keresdrakon,https://en.wikipedia.org/wiki/Keresdrakon,https://www.pteros.com/pterosaurs/keresdrakon.html,Pteros,https://pteros-img.imgix.net/keresdrakon_joschua-knueppe.png?w=300&fm=jpg&auto=compress,oklch(60.6% 0.25 292.717),,
1765209128-111,pterosaurs,range,Klobiodon,Klobiodon,-174700000,-161500000,true,https://en.wikipedia.org/wiki/Klobiodon,https://en.wikipedia.org/wiki/Klobiodon,https://www.pteros.com/pterosaurs/klobiodon.html,Pteros,https://pteros-img.imgix.net/klobiodon_joschua-knueppe.png?w=300&fm=jpg&auto=compress,oklch(60.6% 0.25 292.717),,
1765209128-112,pterosaurs,range,Kryptodrakon,Kryptodrakon,-174700000,-161500000,true,https://fr.wikipedia.org/wiki/Kryptodrakon,https://en.wikipedia.org/wiki/Kryptodrakon,https://www.pteros.com/pterosaurs/kryptodrakon.html,Pteros,https://pteros-img.imgix.net/kryptodrakon_midiaou-diallo.png?w=300&fm=jpg&auto=compress,oklch(60.6% 0.25 292.717),,
1765209128-113,pterosaurs,range,Kunpengopterus,Kunpengopterus,-174700000,-161500000,true,https://fr.wikipedia.org/wiki/Kunpengopterus,https://en.wikipedia.org/wiki/Kunpengopterus,https://www.pteros.com/pterosaurs/kunpengopterus.html,Pteros,https://pteros-img.imgix.net/kunpengopterus_joschua-knueppe.png?w=300&fm=jpg&auto=compress,oklch(60.6% 0.25 292.717),,
1765209128-114,pterosaurs,range,Lacusovagus,Lacusovagus,-143100000,-100500000,true,https://fr.wikipedia.org/wiki/Lacusovagus,https://en.wikipedia.org/wiki/Lacusovagus,https://www.pteros.com/pterosaurs/lacusovagus.html,Pteros,https://pteros-img.imgix.net/lacusovagus_joschua-knueppe.png?w=300&fm=jpg&auto=compress,oklch(60.6% 0.25 292.717),,
1765209128-115,pterosaurs,range,Lagerpeton,Lagerpeton,-237000000,-201400000,true,https://fr.wikipedia.org/wiki/Lagerpeton,https://en.wikipedia.org/wiki/Lagerpeton,https://www.pteros.com/pterosaurs/lagerpeton.html,Pteros,https://pteros-img.imgix.net/lagerpeton_balint-benke.png?w=300&fm=jpg&auto=compress,oklch(60.6% 0.25 292.717),,
1765209128-116,pterosaurs,range,Leptostomia,Leptostomia,-100500000,-66000000,true,https://en.wikipedia.org/wiki/Leptostomia,https://en.wikipedia.org/wiki/Leptostomia,https://www.pteros.com/pterosaurs/leptostomia.html,Pteros,https://pteros-img.imgix.net/leptostomia_brennan-stokkermans.png?w=300&fm=jpg&auto=compress,oklch(60.6% 0.25 292.717),,
1765209128-117,pterosaurs,range,Liaodactylus,Liaodactylus,-161500000,-143100000,true,https://en.wikipedia.org/wiki/Liaodactylus,https://en.wikipedia.org/wiki/Liaodactylus,https://www.pteros.com/pterosaurs/liaodactylus.html,Pteros,https://pteros-img.imgix.net/liaodactylus_joschua-knueppe.png?w=300&fm=jpg&auto=compress,oklch(60.6% 0.25 292.717),,
1765209128-118,pterosaurs,range,Liaoningopterus,Liaoningopterus,-143100000,-100500000,true,https://fr.wikipedia.org/wiki/Liaoningopterus,https://en.wikipedia.org/wiki/Liaoningopterus,https://www.pteros.com/pterosaurs/liaoningopterus.html,Pteros,https://pteros-img.imgix.net/liaoningopterus_julio-lacerda.png?w=300&fm=jpg&auto=compress,oklch(60.6% 0.25 292.717),,
1765209128-119,pterosaurs,range,Liaoxipterus,Liaoxipterus,-143100000,-100500000,true,https://fr.wikipedia.org/wiki/Liaoxipterus,https://en.wikipedia.org/wiki/Liaoxipterus,https://www.pteros.com/pterosaurs/liaoxipterus.html,Pteros,https://pteros-img.imgix.net/liaoxipterus_julio-lacerda.png?w=300&fm=jpg&auto=compress,oklch(60.6% 0.25 292.717),,
1765209128-120,pterosaurs,range,Linlongopterus,Linlongopterus,-143100000,-100500000,true,https://en.wikipedia.org/wiki/Linlongopterus,https://en.wikipedia.org/wiki/Linlongopterus,https://www.pteros.com/pterosaurs/linlongopterus.html,Pteros,https://pteros-img.imgix.net/linlongopterus_joshua-tedder.png?w=300&fm=jpg&auto=compress,oklch(60.6% 0.25 292.717),,
1765209128-121,pterosaurs,range,Lonchodectes,Lonchodectes,-100500000,-66000000,true,https://fr.wikipedia.org/wiki/Lonchodectes,https://en.wikipedia.org/wiki/Lonchodectes,https://www.pteros.com/pterosaurs/lonchodectes.html,Pteros,https://pteros-img.imgix.net/lonchodectes_franz-anthony.png?w=300&fm=jpg&auto=compress,oklch(60.6% 0.25 292.717),,
1765209128-122,pterosaurs,range,Lonchodraco,Lonchodraco,-143100000,-100500000,true,https://fr.wikipedia.org/wiki/Lonchodraco,https://en.wikipedia.org/wiki/Lonchodraco,https://www.pteros.com/pterosaurs/lonchodraco.html,Pteros,https://pteros-img.imgix.net/lonchodraco_franz-anthony.png?w=300&fm=jpg&auto=compress,oklch(60.6% 0.25 292.717),,
1765209128-123,pterosaurs,range,Lonchognathosaurus,Lonchognathosaurus,-143100000,-100500000,true,https://en.wikipedia.org/wiki/Lonchognathosaurus,https://en.wikipedia.org/wiki/Lonchognathosaurus,https://www.pteros.com/pterosaurs/lonchognathosaurus.html,Pteros,https://pteros-img.imgix.net/lonchognathosaurus_joshua-tedder.png?w=300&fm=jpg&auto=compress,oklch(60.6% 0.25 292.717),,
1765209128-124,pterosaurs,range,Longchengpterus,Longchengpterus,-143100000,-100500000,true,https://en.wikipedia.org/wiki/Longchengpterus,https://en.wikipedia.org/wiki/Longchengpterus,https://www.pteros.com/pterosaurs/longchengpterus.html,Pteros,https://pteros-img.imgix.net/longchengpterus_nathan-e-rogers.png?w=300&fm=jpg&auto=compress,oklch(60.6% 0.25 292.717),,
1765209128-125,pterosaurs,range,Luchibang,Luchibang,-143100000,-100500000,true,https://en.wikipedia.org/wiki/Luchibang,https://en.wikipedia.org/wiki/Luchibang,https://www.pteros.com/pterosaurs/luchibang.html,Pteros,https://pteros-img.imgix.net/luchibang_joschua-knueppe.png?w=300&fm=jpg&auto=compress,oklch(60.6% 0.25 292.717),,
1765209128-126,pterosaurs,range,Ludodactylus,Ludodactylus,-143100000,-100500000,true,https://fr.wikipedia.org/wiki/Ludodactylus,https://en.wikipedia.org/wiki/Ludodactylus,https://www.pteros.com/pterosaurs/ludodactylus.html,Pteros,https://pteros-img.imgix.net/ludodactylus_vitor-silva.png?w=300&fm=jpg&auto=compress,oklch(60.6% 0.25 292.717),,
1765209128-127,pterosaurs,range,Luopterus,Luopterus,-174700000,-161500000,true,https://en.wikipedia.org/wiki/Luopterus,https://en.wikipedia.org/wiki/Luopterus,https://www.pteros.com/pterosaurs/luopterus.html,Pteros,http://pteros-img.imgix.net/luopterus_joschua-knuppe.png?w=300&fm=jpg&auto=compress,oklch(60.6% 0.25 292.717),,
1765209128-128,pterosaurs,range,Maaradactylus,Maaradactylus,-143100000,-100500000,true,https://fr.wikipedia.org/wiki/Maaradactylus,https://en.wikipedia.org/wiki/Maaradactylus,https://www.pteros.com/pterosaurs/maaradactylus.html,Pteros,https://pteros-img.imgix.net/maaradactylus_antonin-jury.png?w=300&fm=jpg&auto=compress,oklch(60.6% 0.25 292.717),,
1765209128-129,pterosaurs,range,Mesadactylus,Mesadactylus,-161500000,-143100000,true,https://fr.wikipedia.org/wiki/Mesadactylus,https://en.wikipedia.org/wiki/Mesadactylus,https://www.pteros.com/pterosaurs/mesadactylus.html,Pteros,https://pteros-img.imgix.net/mesadactylus_josh-cotton.png?w=300&fm=jpg&auto=compress,oklch(60.6% 0.25 292.717),,
1765209128-130,pterosaurs,range,Microtuban,Microtuban,-100500000,-66000000,true,https://fr.wikipedia.org/wiki/Microtuban,https://en.wikipedia.org/wiki/Microtuban,https://www.pteros.com/pterosaurs/microtuban.html,Pteros,https://pteros-img.imgix.net/microtuban_fabrizio-de-rossi.png?w=300&fm=jpg&auto=compress,oklch(60.6% 0.25 292.717),,
1765209128-131,pterosaurs,range,Mimodactylus,Mimodactylus,-100500000,-66000000,true,https://fr.wikipedia.org/wiki/Mimodactylus,https://en.wikipedia.org/wiki/Mimodactylus,https://www.pteros.com/pterosaurs/mimodactylus.html,Pteros,https://pteros-img.imgix.net/mimodactylus_liam-elward.png?w=300&fm=jpg&auto=compress,oklch(60.6% 0.25 292.717),,
1765209128-132,pterosaurs,range,Mistralazhdarcho,Mistralazhdarcho,-100500000,-66000000,true,https://fr.wikipedia.org/wiki/Mistralazhdarcho,https://en.wikipedia.org/wiki/Mistralazhdarcho,https://www.pteros.com/pterosaurs/mistralazhdarcho.html,Pteros,https://pteros-img.imgix.net/mistralazhdarcho_joschua-knueppe.png?w=300&fm=jpg&auto=compress,oklch(60.6% 0.25 292.717),,
1765209128-133,pterosaurs,range,Moganopterus,Moganopterus,-143100000,-100500000,true,https://fr.wikipedia.org/wiki/Moganopterus,https://en.wikipedia.org/wiki/Moganopterus,https://www.pteros.com/pterosaurs/moganopterus.html,Pteros,https://pteros-img.imgix.net/moganopterus_joschua-knueppe.png?w=300&fm=jpg&auto=compress,oklch(60.6% 0.25 292.717),,
1765209128-134,pterosaurs,range,Mongol Giant,Mongol Giant,-100500000,-66000000,true,,,https://www.pteros.com/pterosaurs/mongol-giant.html,Pteros,https://pteros-img.imgix.net/mongol-azhdarchid_joschua-knueppe.png?w=300&fm=jpg&auto=compress,oklch(60.6% 0.25 292.717),,
1765209128-135,pterosaurs,range,Montanazhdarcho,Montanazhdarcho,-100500000,-66000000,true,,,https://www.pteros.com/pterosaurs/montanazhdarcho.html,Pteros,https://pteros-img.imgix.net/montanazhdarcho-minor_fabrizio-de-rossi.png?w=300&fm=jpg&auto=compress,oklch(60.6% 0.25 292.717),,
1765209128-136,pterosaurs,range,Muzquizopteryx,Muzquizopteryx,-100500000,-66000000,true,https://fr.wikipedia.org/wiki/Muzquizopteryx,https://en.wikipedia.org/wiki/Muzquizopteryx,https://www.pteros.com/pterosaurs/muzquizopteryx.html,Pteros,https://pteros-img.imgix.net/muzquizopteryx_joschua-knueppe.png?w=300&fm=jpg&auto=compress,oklch(60.6% 0.25 292.717),,
1765209128-137,pterosaurs,range,Mythunga,Mythunga,-143100000,-100500000,true,https://fr.wikipedia.org/wiki/Mythunga,https://en.wikipedia.org/wiki/Mythunga,https://www.pteros.com/pterosaurs/mythunga.html,Pteros,https://pteros-img.imgix.net/mythunga_joschua-knueppe.png?w=300&fm=jpg&auto=compress,oklch(60.6% 0.25 292.717),,
1765209128-138,pterosaurs,range,Navajodactylus,Navajodactylus,-100500000,-66000000,true,https://en.wikipedia.org/wiki/Navajodactylus,https://en.wikipedia.org/wiki/Navajodactylus,https://www.pteros.com/pterosaurs/navajodactylus.html,Pteros,https://pteros-img.imgix.net/navajodactylus_midiaou-diallo.jpg?w=300&fm=jpg&auto=compress,oklch(60.6% 0.25 292.717),,
1765209128-139,pterosaurs,range,Nemicolopterus,Nemicolopterus,-143100000,-100500000,true,https://fr.wikipedia.org/wiki/Nemicolopterus,https://en.wikipedia.org/wiki/Nemicolopterus,https://www.pteros.com/pterosaurs/nemicolopterus.html,Pteros,https://pteros-img.imgix.net/nemicolopterus_chris-masnaghetti.png?w=300&fm=jpg&auto=compress,oklch(60.6% 0.25 292.717),,
1765209128-140,pterosaurs,range,Nesodactylus,Nesodactylus,-161500000,-143100000,true,https://fr.wikipedia.org/wiki/Nesodactylus,https://en.wikipedia.org/wiki/Nesodactylus,https://www.pteros.com/pterosaurs/nesodactylus.html,Pteros,https://pteros-img.imgix.net/nesodactylus_franz-anthony.png?w=300&fm=jpg&auto=compress,oklch(60.6% 0.25 292.717),,
1765209128-141,pterosaurs,range,Ningchengopterus,Ningchengopterus,-143100000,-100500000,true,https://fr.wikipedia.org/wiki/Ningchengopterus,https://en.wikipedia.org/wiki/Ningchengopterus,https://www.pteros.com/pterosaurs/ningchengopterus.html,Pteros,https://pteros-img.imgix.net/ningchengopterus_franz-anthony.png?w=300&fm=jpg&auto=compress,oklch(60.6% 0.25 292.717),,
1765209128-142,pterosaurs,range,Noripterus,Noripterus,-143100000,-100500000,true,https://fr.wikipedia.org/wiki/Noripterus,https://en.wikipedia.org/wiki/Noripterus,https://www.pteros.com/pterosaurs/noripterus.html,Pteros,https://pteros-img.imgix.net/noripterus_vitor-silva.png?w=300&fm=jpg&auto=compress,oklch(60.6% 0.25 292.717),,
1765209128-143,pterosaurs,range,Normannognathus,Normannognathus,-161500000,-143100000,true,https://fr.wikipedia.org/wiki/Normannognathus,https://en.wikipedia.org/wiki/Normannognathus,https://www.pteros.com/pterosaurs/normannognathus.html,Pteros,https://pteros-img.imgix.net/normannognathus_joschua-knueppe.png?w=300&fm=jpg&auto=compress,oklch(60.6% 0.25 292.717),,
1765209128-144,pterosaurs,range,Nurhachius,Nurhachius,-143100000,-100500000,true,https://fr.wikipedia.org/wiki/Nurhachius,https://en.wikipedia.org/wiki/Nurhachius,https://www.pteros.com/pterosaurs/nurhachius.html,Pteros,https://pteros-img.imgix.net/nurhachius-ignaciobritoi_oliver-demuth.png?w=300&fm=jpg&auto=compress,oklch(60.6% 0.25 292.717),,
1765209128-145,pterosaurs,range,Nyctosaurus,Nyctosaurus,-100500000,-66000000,true,https://fr.wikipedia.org/wiki/Nyctosaurus,https://en.wikipedia.org/wiki/Nyctosaurus,https://www.pteros.com/pterosaurs/nyctosaurus.html,Pteros,https://pteros-img.imgix.net/nyctosaurus-gracilis_julio-lacerda.png?w=300&fm=jpg&auto=compress,oklch(60.6% 0.25 292.717),,
1765209128-146,pterosaurs,range,Ordosipterus,Ordosipterus,-143100000,-100500000,true,https://en.wikipedia.org/wiki/Ordosipterus,https://en.wikipedia.org/wiki/Ordosipterus,https://www.pteros.com/pterosaurs/ordosipterus.html,Pteros,https://pteros-img.imgix.net/ordosipterus_joschua-knueppe.png?w=300&fm=jpg&auto=compress,oklch(60.6% 0.25 292.717),,
1765209128-147,pterosaurs,range,Orientognathus,Orientognathus,-161500000,-143100000,true,https://fr.wikipedia.org/wiki/Orientognathus,https://en.wikipedia.org/wiki/Orientognathus,https://www.pteros.com/pterosaurs/orientognathus.html,Pteros,https://pteros-img.imgix.net/orientognathus_nathan-e-rogers.png?w=300&fm=jpg&auto=compress,oklch(60.6% 0.25 292.717),,
1765209128-148,pterosaurs,range,Ornithocheirus,Ornithocheirus,-143100000,-100500000,true,https://fr.wikipedia.org/wiki/Ornithocheirus,https://en.wikipedia.org/wiki/Ornithocheirus,https://www.pteros.com/pterosaurs/ornithocheirus.html,Pteros,https://pteros-img.imgix.net/ornithocheirus_simus_fabrizio-de-rossi.png?w=300&fm=jpg&auto=compress,oklch(60.6% 0.25 292.717),,
1765209128-149,pterosaurs,range,Ornithostoma,Ornithostoma,-143100000,-100500000,true,https://fr.wikipedia.org/wiki/Ornithostoma,https://en.wikipedia.org/wiki/Ornithostoma,https://www.pteros.com/pterosaurs/ornithostoma.html,Pteros,https://pteros-img.imgix.net/ornithostoma_nathan-e-rogers.png?w=300&fm=jpg&auto=compress,oklch(60.6% 0.25 292.717),,
1765209128-150,pterosaurs,range,Otogopterus,Otogopterus,-143100000,-100500000,true,https://en.wikipedia.org/wiki/Otogopterus,https://en.wikipedia.org/wiki/Otogopterus,https://www.pteros.com/pterosaurs/otogopterus.html,Pteros,https://pteros-img.imgix.net/otogopterus_balint-benke.png?w=300&fm=jpg&auto=compress,oklch(60.6% 0.25 292.717),,
1765209128-151,pterosaurs,range,Padrillo Pterosaur,Padrillo Pterosaur,-100500000,-66000000,true,,,https://www.pteros.com/pterosaurs/padrillo-pterosaur.html,Pteros,https://pteros-img.imgix.net/padrillo-pterosaur_vitor-silva.png?w=300&fm=jpg&auto=compress,oklch(60.6% 0.25 292.717),,
1765209128-152,pterosaurs,range,Palaeocursornis,Palaeocursornis,-143100000,-100500000,true,https://en.wikipedia.org/wiki/Palaeocursornis,https://en.wikipedia.org/wiki/Palaeocursornis,https://www.pteros.com/pterosaurs/palaeocursornis.html,Pteros,https://pteros-img.imgix.net/palaeocursornis_joschua-knueppe.png?w=300&fm=jpg&auto=compress,oklch(60.6% 0.25 292.717),,
1765209128-153,pterosaurs,range,Pangupterus,Pangupterus,-143100000,-100500000,true,https://en.wikipedia.org/wiki/Pangupterus,https://en.wikipedia.org/wiki/Pangupterus,https://www.pteros.com/pterosaurs/pangupterus.html,Pteros,https://pteros-img.imgix.net/pangupterus_joschua-knueppe.png?w=300&fm=jpg&auto=compress,oklch(60.6% 0.25 292.717),,
1765209128-154,pterosaurs,range,Parapsicephalus,Parapsicephalus,-201400000,-174700000,true,https://en.wikipedia.org/wiki/Parapsicephalus,https://en.wikipedia.org/wiki/Parapsicephalus,https://www.pteros.com/pterosaurs/parapsicephalus.html,Pteros,https://pteros-img.imgix.net/parapsicephalus_joschua-knueppe.png?w=300&fm=jpg&auto=compress,oklch(60.6% 0.25 292.717),,
1765209128-155,pterosaurs,range,Peteinosaurus,Peteinosaurus,-237000000,-201400000,true,https://fr.wikipedia.org/wiki/Peteinosaurus,https://en.wikipedia.org/wiki/Peteinosaurus,https://www.pteros.com/pterosaurs/peteinosaurus.html,Pteros,https://pteros-img.imgix.net/peteinosaurus_julio-lacerda.png?w=300&fm=jpg&auto=compress,oklch(60.6% 0.25 292.717),,
1765209128-156,pterosaurs,range,Phosphatodraco,Phosphatodraco,-100500000,-66000000,true,https://fr.wikipedia.org/wiki/Phosphatodraco,https://en.wikipedia.org/wiki/Phosphatodraco,https://www.pteros.com/pterosaurs/phosphatodraco.html,Pteros,http://pteros-img.imgix.net/phosphatodraco_joschua-knueppe.png?w=300&fm=jpg&auto=compress,oklch(60.6% 0.25 292.717),,
1765209128-157,pterosaurs,range,Piksi,Piksi,-100500000,-66000000,true,https://fr.wikipedia.org/wiki/Piksi,https://en.wikipedia.org/wiki/Piksi,https://www.pteros.com/pterosaurs/piksi.html,Pteros,https://pteros-img.imgix.net/piksi_nathan-e-rogers.png?w=300&fm=jpg&auto=compress,oklch(60.6% 0.25 292.717),,
1765209128-158,pterosaurs,range,Plataleorhynchus,Plataleorhynchus,-143100000,-100500000,true,https://fr.wikipedia.org/wiki/Plataleorhynchus,https://en.wikipedia.org/wiki/Plataleorhynchus,https://www.pteros.com/pterosaurs/plataleorhynchus.html,Pteros,https://pteros-img.imgix.net/plataleorhynchus_vitor-silva.png?w=300&fm=jpg&auto=compress,oklch(60.6% 0.25 292.717),,
1765209128-159,pterosaurs,range,Prejanopterus,Prejanopterus,-143100000,-100500000,true,https://fr.wikipedia.org/wiki/Prejanopterus,https://en.wikipedia.org/wiki/Prejanopterus,https://www.pteros.com/pterosaurs/prejanopterus.html,Pteros,https://pteros-img.imgix.net/prejanopterus_franz-anthony.png?w=300&fm=jpg&auto=compress,oklch(60.6% 0.25 292.717),,
1765209128-160,pterosaurs,range,Preondactylus,Preondactylus,-237000000,-201400000,true,https://fr.wikipedia.org/wiki/Preondactylus,https://en.wikipedia.org/wiki/Preondactylus,https://www.pteros.com/pterosaurs/preondactylus.html,Pteros,https://pteros-img.imgix.net/preondactylus_chris-masnaghetti.png?w=300&fm=jpg&auto=compress,oklch(60.6% 0.25 292.717),,
1765209128-161,pterosaurs,range,Pteranodon,Pteranodon,-100500000,-66000000,true,https://fr.wikipedia.org/wiki/Pteranodon,https://en.wikipedia.org/wiki/Pteranodon,https://www.pteros.com/pterosaurs/pteranodon.html,Pteros,https://pteros-img.imgix.net/pteranodon-longiceps_julio-lacerda.png?w=300&fm=jpg&auto=compress,oklch(60.6% 0.25 292.717),,
1765209128-162,pterosaurs,range,Pterodactylus,Pterodactylus,-161500000,-143100000,true,https://fr.wikipedia.org/wiki/Pterodactylus,https://en.wikipedia.org/wiki/Pterodactylus,https://www.pteros.com/pterosaurs/pterodactylus.html,Pteros,https://pteros-img.imgix.net/pterodactylus_julio-lacerda.png?w=300&fm=jpg&auto=compress,oklch(60.6% 0.25 292.717),,
1765209128-163,pterosaurs,range,Pterodaustro,Pterodaustro,-143100000,-100500000,true,https://fr.wikipedia.org/wiki/Pterodaustro,https://en.wikipedia.org/wiki/Pterodaustro,https://www.pteros.com/pterosaurs/pterodaustro.html,Pteros,https://pteros-img.imgix.net/pterodaustro_andrey-atuchin.png?w=300&fm=jpg&auto=compress,oklch(60.6% 0.25 292.717),,
1765209128-164,pterosaurs,range,Pterofiltrus,Pterofiltrus,-143100000,-100500000,true,https://fr.wikipedia.org/wiki/Pterofiltrus,https://en.wikipedia.org/wiki/Pterofiltrus,https://www.pteros.com/pterosaurs/pterofiltrus.html,Pteros,https://pteros-img.imgix.net/pterofiltrus_julio-lacerda.png?w=300&fm=jpg&auto=compress,oklch(60.6% 0.25 292.717),,
1765209128-165,pterosaurs,range,Pterorhynchus,Pterorhynchus,-174700000,-161500000,true,https://fr.wikipedia.org/wiki/Pterorhynchus,https://en.wikipedia.org/wiki/Pterorhynchus,https://www.pteros.com/pterosaurs/pterorhynchus.html,Pteros,https://pteros-img.imgix.net/pterorhynchus_elia-smaniotto.png?w=300&fm=jpg&auto=compress,oklch(60.6% 0.25 292.717),,
1765209128-166,pterosaurs,range,Puntanipterus,Puntanipterus,-143100000,-100500000,true,https://en.wikipedia.org/wiki/Puntanipterus,https://en.wikipedia.org/wiki/Puntanipterus,https://www.pteros.com/pterosaurs/puntanipterus.html,Pteros,https://pteros-img.imgix.net/puntanipterus_julio-lacerda.png?w=300&fm=jpg&auto=compress,oklch(60.6% 0.25 292.717),,
1765209128-167,pterosaurs,range,Qinglongopterus,Qinglongopterus,-174700000,-161500000,true,https://fr.wikipedia.org/wiki/Qinglongopterus,https://en.wikipedia.org/wiki/Qinglongopterus,https://www.pteros.com/pterosaurs/qinglongopterus.html,Pteros,https://pteros-img.imgix.net/qinglongopterus-guoi_julio-lacerda.png?w=300&fm=jpg&auto=compress,oklch(60.6% 0.25 292.717),,
1765209128-168,pterosaurs,range,Quetzalcoatlus,Quetzalcoatlus,-100500000,-66000000,true,https://fr.wikipedia.org/wiki/Quetzalcoatlus,https://en.wikipedia.org/wiki/Quetzalcoatlus,https://www.pteros.com/pterosaurs/quetzalcoatlus.html,Pteros,https://pteros-img.imgix.net/quetzalcoatlus-northropi_julio-lacerda.png?w=300&fm=jpg&auto=compress,oklch(60.6% 0.25 292.717),,
1765209128-169,pterosaurs,range,Radiodactylus,Radiodactylus,-100500000,-66000000,true,https://en.wikipedia.org/wiki/Radiodactylus,https://en.wikipedia.org/wiki/Radiodactylus,https://www.pteros.com/pterosaurs/radiodactylus.html,Pteros,https://pteros-img.imgix.net/radiodactylus_joshua-tedder.png?w=300&fm=jpg&auto=compress,oklch(60.6% 0.25 292.717),,
1765209128-170,pterosaurs,range,Rhamphinion,Rhamphinion,-201400000,-174700000,true,https://en.wikipedia.org/wiki/Rhamphinion,https://en.wikipedia.org/wiki/Rhamphinion,https://www.pteros.com/pterosaurs/rhamphinion.html,Pteros,https://pteros-img.imgix.net/rhamphinion_julio-lacerda.png?w=300&fm=jpg&auto=compress,oklch(60.6% 0.25 292.717),,
1765209128-171,pterosaurs,range,Rhamphorhynchus,Rhamphorhynchus,-161500000,-143100000,true,https://fr.wikipedia.org/wiki/Rhamphorhynchus,https://en.wikipedia.org/wiki/Rhamphorhynchus,https://www.pteros.com/pterosaurs/rhamphorhynchus.html,Pteros,https://pteros-img.imgix.net/rhamphorhynchus_chris-masnaghetti.png?w=300&fm=jpg&auto=compress,oklch(60.6% 0.25 292.717),,
1765209128-172,pterosaurs,range,Santanadactylus,Santanadactylus,-143100000,-100500000,true,https://en.wikipedia.org/wiki/Santanadactylus,https://en.wikipedia.org/wiki/Santanadactylus,https://www.pteros.com/pterosaurs/santanadactylus.html,Pteros,http://pteros-img.imgix.net/santanadactylus_joshua-tedder.png?w=300&fm=jpg&auto=compress,oklch(60.6% 0.25 292.717),,
1765209128-173,pterosaurs,range,Scaphognathus,Scaphognathus,-161500000,-143100000,true,https://fr.wikipedia.org/wiki/Scaphognathus,https://en.wikipedia.org/wiki/Scaphognathus,https://www.pteros.com/pterosaurs/scaphognathus.html,Pteros,https://pteros-img.imgix.net/scaphognathus_nathan-e-rogers.png?w=300&fm=jpg&auto=compress,oklch(60.6% 0.25 292.717),,
1765209128-174,pterosaurs,range,Seazzadactylus,Seazzadactylus,-237000000,-201400000,true,https://fr.wikipedia.org/wiki/Seazzadactylus,https://en.wikipedia.org/wiki/Seazzadactylus,https://www.pteros.com/pterosaurs/seazzadactylus.html,Pteros,https://pteros-img.imgix.net/seazzadactylus_joshua-tedder.png?w=300&fm=jpg&auto=compress,oklch(60.6% 0.25 292.717),,
1765209128-175,pterosaurs,range,Sericipterus,Sericipterus,-161500000,-143100000,true,https://fr.wikipedia.org/wiki/Sericipterus,https://en.wikipedia.org/wiki/Sericipterus,https://www.pteros.com/pterosaurs/sericipterus.html,Pteros,https://pteros-img.imgix.net/sericipterus_joschua-knueppe.png?w=300&fm=jpg&auto=compress,oklch(60.6% 0.25 292.717),,
1765209128-176,pterosaurs,range,Serradraco,Serradraco,-143100000,-100500000,true,https://fr.wikipedia.org/wiki/Serradraco,https://en.wikipedia.org/wiki/Serradraco,https://www.pteros.com/pterosaurs/serradraco.html,Pteros,https://pteros-img.imgix.net/serradraco_franz-anthony.png?w=300&fm=jpg&auto=compress,oklch(60.6% 0.25 292.717),,
1765209128-177,pterosaurs,range,Shenzhoupterus,Shenzhoupterus,-143100000,-100500000,true,https://fr.wikipedia.org/wiki/Shenzhoupterus,https://en.wikipedia.org/wiki/Shenzhoupterus,https://www.pteros.com/pterosaurs/shenzhoupterus.html,Pteros,https://pteros-img.imgix.net/shenzhoupterus_joschua-knueppe.png?w=300&fm=jpg&auto=compress,oklch(60.6% 0.25 292.717),,
1765209128-178,pterosaurs,range,Simurghia,Simurghia,-100500000,-66000000,true,https://fr.wikipedia.org/wiki/Simurghia,https://en.wikipedia.org/wiki/Simurghia,https://www.pteros.com/pterosaurs/simurghia.html,Pteros,http://pteros-img.imgix.net/simurghia_midiaou-diallo.png?w=300&fm=jpg&auto=compress,oklch(60.6% 0.25 292.717),,
1765209128-179,pterosaurs,range,Sinomacrops,Sinomacrops,-237000000,-201400000,true,https://fr.wikipedia.org/wiki/Sinomacrops,https://en.wikipedia.org/wiki/Sinomacrops,https://www.pteros.com/pterosaurs/sinomacrops.html,Pteros,https://pteros-img.imgix.net/sinomacrops_balint-benke.png?w=300&fm=jpg&auto=compress,oklch(60.6% 0.25 292.717),,
1765209128-180,pterosaurs,range,Sinopterus,Sinopterus,-143100000,-100500000,true,https://fr.wikipedia.org/wiki/Sinopterus,https://en.wikipedia.org/wiki/Sinopterus,https://www.pteros.com/pterosaurs/sinopterus.html,Pteros,https://pteros-img.imgix.net/sinopterus_julio-lacerda.png?w=300&fm=jpg&auto=compress,oklch(60.6% 0.25 292.717),,
1765209128-181,pterosaurs,range,Sinuiju Anurognathid,Sinuiju Anurognathid,-143100000,-100500000,true,,,https://www.pteros.com/pterosaurs/sinuiju-anurognathid.html,Pteros,https://pteros-img.imgix.net/sinuiju-anurognathid_franz-anthony.png?w=300&fm=jpg&auto=compress,oklch(60.6% 0.25 292.717),,
1765209128-182,pterosaurs,range,Siroccopteryx,Siroccopteryx,-100500000,-66000000,true,https://fr.wikipedia.org/wiki/Siroccopteryx,https://en.wikipedia.org/wiki/Siroccopteryx,https://www.pteros.com/pterosaurs/siroccopteryx.html,Pteros,https://pteros-img.imgix.net/siroccopteryx_vitor-silva.png?w=300&fm=jpg&auto=compress,oklch(60.6% 0.25 292.717),,
1765209128-183,pterosaurs,range,Sordes,Sordes,-161500000,-143100000,true,https://fr.wikipedia.org/wiki/Sordes,https://en.wikipedia.org/wiki/Sordes,https://www.pteros.com/pterosaurs/sordes.html,Pteros,https://pteros-img.imgix.net/sordes_chris-masnaghetti.png?w=300&fm=jpg&auto=compress,oklch(60.6% 0.25 292.717),,
1765209128-184,pterosaurs,range,Tapejara,Tapejara,-143100000,-100500000,true,https://fr.wikipedia.org/wiki/Tapejara,https://en.wikipedia.org/wiki/Tapejara,https://www.pteros.com/pterosaurs/tapejara.html,Pteros,https://pteros-img.imgix.net/tapejara_chris-masnaghetti.png?w=300&fm=jpg&auto=compress,oklch(60.6% 0.25 292.717),,
1765209128-185,pterosaurs,range,Targaryendraco,Targaryendraco,-143100000,-100500000,true,https://fr.wikipedia.org/wiki/Targaryendraco,https://en.wikipedia.org/wiki/Targaryendraco,https://www.pteros.com/pterosaurs/targaryendraco.html,Pteros,https://pteros-img.imgix.net/targaryendraco_vitor-silva.png?w=300&fm=jpg&auto=compress,oklch(60.6% 0.25 292.717),,
1765209128-186,pterosaurs,range,Tendaguripterus,Tendaguripterus,-161500000,-143100000,true,https://fr.wikipedia.org/wiki/Tendaguripterus,https://en.wikipedia.org/wiki/Tendaguripterus,https://www.pteros.com/pterosaurs/tendaguripterus.html,Pteros,https://pteros-img.imgix.net/tendaguripterus-recki_fabrizio-de-rossi.png?w=300&fm=jpg&auto=compress,oklch(60.6% 0.25 292.717),,
1765209128-187,pterosaurs,range,Tethydraco,Tethydraco,-100500000,-66000000,true,https://fr.wikipedia.org/wiki/Tethydraco,https://en.wikipedia.org/wiki/Tethydraco,https://www.pteros.com/pterosaurs/tethydraco.html,Pteros,https://pteros-img.imgix.net/tethydraco_joschua-knueppe.png?w=300&fm=jpg&auto=compress,oklch(60.6% 0.25 292.717),,
1765209128-188,pterosaurs,range,Thalassodromeus,Thalassodromeus,-143100000,-100500000,true,https://fr.wikipedia.org/wiki/Thalassodromeus,https://en.wikipedia.org/wiki/Thalassodromeus,https://www.pteros.com/pterosaurs/thalassodromeus.html,Pteros,https://pteros-img.imgix.net/thalassodromeus_nathan-e-rogers.png?w=300&fm=jpg&auto=compress,oklch(60.6% 0.25 292.717),,
1765209128-189,pterosaurs,range,Tropeognathus,Tropeognathus,-143100000,-100500000,true,https://fr.wikipedia.org/wiki/Tropeognathus,https://en.wikipedia.org/wiki/Tropeognathus,https://www.pteros.com/pterosaurs/tropeognathus.html,Pteros,https://pteros-img.imgix.net/tropeognathus_joshua-tedder.png?w=300&fm=jpg&auto=compress,oklch(60.6% 0.25 292.717),,
1765209128-190,pterosaurs,range,Tupandactylus,Tupandactylus,-143100000,-100500000,true,https://fr.wikipedia.org/wiki/Tupandactylus,https://en.wikipedia.org/wiki/Tupandactylus,https://www.pteros.com/pterosaurs/tupandactylus.html,Pteros,https://pteros-img.imgix.net/tupandactylus_elia-smaniotto.png?w=300&fm=jpg&auto=compress,oklch(60.6% 0.25 292.717),,
1765209128-191,pterosaurs,range,Tupuxuara,Tupuxuara,-143100000,-100500000,true,https://fr.wikipedia.org/wiki/Tupuxuara,https://en.wikipedia.org/wiki/Tupuxuara,https://www.pteros.com/pterosaurs/tupuxuara.html,Pteros,https://pteros-img.imgix.net/tupuxuara_nathan-e-rogers.png?w=300&fm=jpg&auto=compress,oklch(60.6% 0.25 292.717),,
1765209128-192,pterosaurs,range,Uktenadactylus,Uktenadactylus,-143100000,-100500000,true,https://fr.wikipedia.org/wiki/Uktenadactylus,https://en.wikipedia.org/wiki/Uktenadactylus,https://www.pteros.com/pterosaurs/uktenadactylus.html,Pteros,https://pteros-img.imgix.net/uktenodactylus_joschua-knueppe.png?w=300&fm=jpg&auto=compress,oklch(60.6% 0.25 292.717),,
1765209128-193,pterosaurs,range,Unwindia,Unwindia,-143100000,-100500000,true,https://fr.wikipedia.org/wiki/Unwindia,https://en.wikipedia.org/wiki/Unwindia,https://www.pteros.com/pterosaurs/unwindia.html,Pteros,https://pteros-img.imgix.net/unwindia_franz-anthony.png?w=300&fm=jpg&auto=compress,oklch(60.6% 0.25 292.717),,
1765209128-194,pterosaurs,range,Vectidraco,Vectidraco,-143100000,-100500000,true,https://fr.wikipedia.org/wiki/Vectidraco,https://en.wikipedia.org/wiki/Vectidraco,https://www.pteros.com/pterosaurs/vectidraco.html,Pteros,https://pteros-img.imgix.net/vectidraco_nathan-e-rogers.png?w=300&fm=jpg&auto=compress,oklch(60.6% 0.25 292.717),,
1765209128-195,pterosaurs,range,Vesperopterylus,Vesperopterylus,-143100000,-100500000,true,https://en.wikipedia.org/wiki/Vesperopterylus,https://en.wikipedia.org/wiki/Vesperopterylus,https://www.pteros.com/pterosaurs/vesperopterylus.html,Pteros,https://pteros-img.imgix.net/vesperopterylus_joschua-knueppe.png?w=300&fm=jpg&auto=compress,oklch(60.6% 0.25 292.717),,
1765209128-196,pterosaurs,range,Volgadraco,Volgadraco,-100500000,-66000000,true,https://fr.wikipedia.org/wiki/Volgadraco,https://en.wikipedia.org/wiki/Volgadraco,https://www.pteros.com/pterosaurs/volgadraco.html,Pteros,https://pteros-img.imgix.net/volgadraco_fabrizio-de-rossi.png?w=300&fm=jpg&auto=compress,oklch(60.6% 0.25 292.717),,
1765209128-197,pterosaurs,range,Wenupteryx,Wenupteryx,-161500000,-143100000,true,https://fr.wikipedia.org/wiki/Wenupteryx,https://en.wikipedia.org/wiki/Wenupteryx,https://www.pteros.com/pterosaurs/wenupteryx.html,Pteros,https://pteros-img.imgix.net/wenupteryx_julio-lacerda.png?w=300&fm=jpg&auto=compress,oklch(60.6% 0.25 292.717),,
1765209128-198,pterosaurs,range,Wightia,Wightia,-143100000,-100500000,true,https://fr.wikipedia.org/wiki/Wightia,https://en.wikipedia.org/wiki/Wightia,https://www.pteros.com/pterosaurs/wightia.html,Pteros,http://pteros-img.imgix.net/wightia_dan-folkes.png?w=300&fm=jpg&auto=compress,oklch(60.6% 0.25 292.717),,
1765209128-199,pterosaurs,range,Wukongopterus,Wukongopterus,-174700000,-161500000,true,https://fr.wikipedia.org/wiki/Wukongopterus,https://en.wikipedia.org/wiki/Wukongopterus,https://www.pteros.com/pterosaurs/wukongopterus.html,Pteros,https://pteros-img.imgix.net/wukongopterus_joschua-knueppe.png?w=300&fm=jpg&auto=compress,oklch(60.6% 0.25 292.717),,
1765209128-200,pterosaurs,range,Xericeps,Xericeps,-100500000,-66000000,true,https://fr.wikipedia.org/wiki/Xericeps,https://en.wikipedia.org/wiki/Xericeps,https://www.pteros.com/pterosaurs/xericeps.html,Pteros,https://pteros-img.imgix.net/xericeps_joschua-knuppe.png?w=300&fm=jpg&auto=compress,oklch(60.6% 0.25 292.717),,
1765209128-201,pterosaurs,range,Yixianopterus,Yixianopterus,-143100000,-100500000,true,https://fr.wikipedia.org/wiki/Yixianopterus,https://en.wikipedia.org/wiki/Yixianopterus,https://www.pteros.com/pterosaurs/yixianopterus.html,Pteros,https://pteros-img.imgix.net/yixianopterus_joschua-knueppe.png?w=300&fm=jpg&auto=compress,oklch(60.6% 0.25 292.717),,
1765209128-202,pterosaurs,range,Zhejiangopterus,Zhejiangopterus,-100500000,-66000000,true,https://fr.wikipedia.org/wiki/Zhejiangopterus,https://en.wikipedia.org/wiki/Zhejiangopterus,https://www.pteros.com/pterosaurs/zhejiangopterus.html,Pteros,https://pteros-img.imgix.net/zhejiangopterus_chris-masnaghetti.png?w=300&fm=jpg&auto=compress,oklch(60.6% 0.25 292.717),,
1765209128-203,pterosaurs,range,Zhenyuanopterus,Zhenyuanopterus,-143100000,-100500000,true,https://fr.wikipedia.org/wiki/Zhenyuanopterus,https://en.wikipedia.org/wiki/Zhenyuanopterus,https://www.pteros.com/pterosaurs/zhenyuanopterus.html,Pteros,https://pteros-img.imgix.net/zhenyuanopterus_antonin-jury.png?w=300&fm=jpg&auto=compress,oklch(60.6% 0.25 292.717),,